School,MeasureID,Year,Category,Subgroup,N,ChronicAbsent,Value,Source,ValidationStatus,Note
Southwest Community Campus Elementary,3.1,2024,Gender,Female,331,65,19.6%,24-25 Attendance Comparison.xlsx — 2023-24 student-level attendance extract,Validated — aggregated from source; n<10 suppressed,Building subgroup chronic absence; moderate + severe chronic categories.
Southwest Community Campus Elementary,3.1,2024,Race,Hispanic,549,113,20.6%,24-25 Attendance Comparison.xlsx — 2023-24 student-level attendance extract,Validated — aggregated from source; n<10 suppressed,Building subgroup chronic absence; moderate + severe chronic categories.
Southwest Community Campus Elementary,3.1,2024,FRL,Not FRL Eligible,357,50,14.0%,24-25 Attendance Comparison.xlsx — 2023-24 student-level attendance extract,Validated — aggregated from source; n<10 suppressed,Building subgroup chronic absence; moderate + severe chronic categories.
Southwest Community Campus Elementary,3.1,2024,English Learner,Not English Learner,290,68,23.4%,24-25 Attendance Comparison.xlsx — 2023-24 student-level attendance extract,Validated — aggregated from source; n<10 suppressed,Building subgroup chronic absence; moderate + severe chronic categories.
Southwest Community Campus Elementary,3.1,2024,Special Education,Not Special Education,553,105,19.0%,24-25 Attendance Comparison.xlsx — 2023-24 student-level attendance extract,Validated — aggregated from source; n<10 suppressed,Building subgroup chronic absence; moderate + severe chronic categories.
Blandford School,3.1,2024,Gender,Female,24,2,8.3%,24-25 Attendance Comparison.xlsx — 2023-24 student-level attendance extract,Validated — aggregated from source; n<10 suppressed,Building subgroup chronic absence; moderate + severe chronic categories.
Blandford School,3.1,2024,Race,White,51,3,5.9%,24-25 Attendance Comparison.xlsx — 2023-24 student-level attendance extract,Validated — aggregated from source; n<10 suppressed,Building subgroup chronic absence; moderate + severe chronic categories.
Blandford School,3.1,2024,FRL,Not FRL Eligible,50,3,6.0%,24-25 Attendance Comparison.xlsx — 2023-24 student-level attendance extract,Validated — aggregated from source; n<10 suppressed,Building subgroup chronic absence; moderate + severe chronic categories.
Blandford School,3.1,2024,English Learner,Not English Learner,59,5,8.5%,24-25 Attendance Comparison.xlsx — 2023-24 student-level attendance extract,Validated — aggregated from source; n<10 suppressed,Building subgroup chronic absence; moderate + severe chronic categories.
Blandford School,3.1,2024,Special Education,Not Special Education,59,5,8.5%,24-25 Attendance Comparison.xlsx — 2023-24 student-level attendance extract,Validated — aggregated from source; n<10 suppressed,Building subgroup chronic absence; moderate + severe chronic categories.
Sibley,3.1,2024,Gender,Female,108,40,37.0%,24-25 Attendance Comparison.xlsx — 2023-24 student-level attendance extract,Validated — aggregated from source; n<10 suppressed,Building subgroup chronic absence; moderate + severe chronic categories.
Sibley,3.1,2024,Race,Two or More,20,11,55.0%,24-25 Attendance Comparison.xlsx — 2023-24 student-level attendance extract,Validated — aggregated from source; n<10 suppressed,Building subgroup chronic absence; moderate + severe chronic categories.
Sibley,3.1,2024,FRL,FRL Eligible,168,76,45.2%,24-25 Attendance Comparison.xlsx — 2023-24 student-level attendance extract,Validated — aggregated from source; n<10 suppressed,Building subgroup chronic absence; moderate + severe chronic categories.
Sibley,3.1,2024,English Learner,Not English Learner,175,83,47.4%,24-25 Attendance Comparison.xlsx — 2023-24 student-level attendance extract,Validated — aggregated from source; n<10 suppressed,Building subgroup chronic absence; moderate + severe chronic categories.
Sibley,3.1,2024,Special Education,Not Special Education,165,50,30.3%,24-25 Attendance Comparison.xlsx — 2023-24 student-level attendance extract,Validated — aggregated from source; n<10 suppressed,Building subgroup chronic absence; moderate + severe chronic categories.
Southwest Community Campus Elementary,3.1,2024,Gender,Male,316,65,20.6%,24-25 Attendance Comparison.xlsx — 2023-24 student-level attendance extract,Validated — aggregated from source; n<10 suppressed,Building subgroup chronic absence; moderate + severe chronic categories.
Southwest Community Campus Elementary,3.1,2024,Race,White,41,2,4.9%,24-25 Attendance Comparison.xlsx — 2023-24 student-level attendance extract,Validated — aggregated from source; n<10 suppressed,Building subgroup chronic absence; moderate + severe chronic categories.
Campus Elementary,3.1,2024,Gender,Male,121,83,68.6%,24-25 Attendance Comparison.xlsx — 2023-24 student-level attendance extract,Validated — aggregated from source; n<10 suppressed,Building subgroup chronic absence; moderate + severe chronic categories.
Campus Elementary,3.1,2024,Race,Two or More,22,18,81.8%,24-25 Attendance Comparison.xlsx — 2023-24 student-level attendance extract,Validated — aggregated from source; n<10 suppressed,Building subgroup chronic absence; moderate + severe chronic categories.
Campus Elementary,3.1,2024,FRL,FRL Eligible,214,145,67.8%,24-25 Attendance Comparison.xlsx — 2023-24 student-level attendance extract,Validated — aggregated from source; n<10 suppressed,Building subgroup chronic absence; moderate + severe chronic categories.
Campus Elementary,3.1,2024,English Learner,Not English Learner,211,146,69.2%,24-25 Attendance Comparison.xlsx — 2023-24 student-level attendance extract,Validated — aggregated from source; n<10 suppressed,Building subgroup chronic absence; moderate + severe chronic categories.
Campus Elementary,3.1,2024,Special Education,Special Education,49,37,75.5%,24-25 Attendance Comparison.xlsx — 2023-24 student-level attendance extract,Validated — aggregated from source; n<10 suppressed,Building subgroup chronic absence; moderate + severe chronic categories.
Dickinson,3.1,2024,Gender,Male,128,68,53.1%,24-25 Attendance Comparison.xlsx — 2023-24 student-level attendance extract,Validated — aggregated from source; n<10 suppressed,Building subgroup chronic absence; moderate + severe chronic categories.
Dickinson,3.1,2024,Race,African American,92,52,56.5%,24-25 Attendance Comparison.xlsx — 2023-24 student-level attendance extract,Validated — aggregated from source; n<10 suppressed,Building subgroup chronic absence; moderate + severe chronic categories.
Dickinson,3.1,2024,FRL,FRL Eligible,175,98,56.0%,24-25 Attendance Comparison.xlsx — 2023-24 student-level attendance extract,Validated — aggregated from source; n<10 suppressed,Building subgroup chronic absence; moderate + severe chronic categories.
Dickinson,3.1,2024,English Learner,Not English Learner,137,86,62.8%,24-25 Attendance Comparison.xlsx — 2023-24 student-level attendance extract,Validated — aggregated from source; n<10 suppressed,Building subgroup chronic absence; moderate + severe chronic categories.
Dickinson,3.1,2024,Special Education,Not Special Education,161,75,46.6%,24-25 Attendance Comparison.xlsx — 2023-24 student-level attendance extract,Validated — aggregated from source; n<10 suppressed,Building subgroup chronic absence; moderate + severe chronic categories.
Ken-o-Sha Park,3.1,2024,Gender,Male,63,25,39.7%,24-25 Attendance Comparison.xlsx — 2023-24 student-level attendance extract,Validated — aggregated from source; n<10 suppressed,Building subgroup chronic absence; moderate + severe chronic categories.
Ken-o-Sha Park,3.1,2024,Race,African American,62,22,35.5%,24-25 Attendance Comparison.xlsx — 2023-24 student-level attendance extract,Validated — aggregated from source; n<10 suppressed,Building subgroup chronic absence; moderate + severe chronic categories.
Ken-o-Sha Park,3.1,2024,FRL,FRL Eligible,90,37,41.1%,24-25 Attendance Comparison.xlsx — 2023-24 student-level attendance extract,Validated — aggregated from source; n<10 suppressed,Building subgroup chronic absence; moderate + severe chronic categories.
Ken-o-Sha Park,3.1,2024,English Learner,Not English Learner,72,37,51.4%,24-25 Attendance Comparison.xlsx — 2023-24 student-level attendance extract,Validated — aggregated from source; n<10 suppressed,Building subgroup chronic absence; moderate + severe chronic categories.
Ken-o-Sha Park,3.1,2024,Special Education,Not Special Education,99,33,33.3%,24-25 Attendance Comparison.xlsx — 2023-24 student-level attendance extract,Validated — aggregated from source; n<10 suppressed,Building subgroup chronic absence; moderate + severe chronic categories.
Sibley,3.1,2024,Race,African American,92,42,45.7%,24-25 Attendance Comparison.xlsx — 2023-24 student-level attendance extract,Validated — aggregated from source; n<10 suppressed,Building subgroup chronic absence; moderate + severe chronic categories.
Harrison Park,3.1,2024,Gender,Female,277,136,49.1%,24-25 Attendance Comparison.xlsx — 2023-24 student-level attendance extract,Validated — aggregated from source; n<10 suppressed,Building subgroup chronic absence; moderate + severe chronic categories.
Harrison Park,3.1,2024,Race,Two or More,59,34,57.6%,24-25 Attendance Comparison.xlsx — 2023-24 student-level attendance extract,Validated — aggregated from source; n<10 suppressed,Building subgroup chronic absence; moderate + severe chronic categories.
Harrison Park,3.1,2024,FRL,FRL Eligible,417,254,60.9%,24-25 Attendance Comparison.xlsx — 2023-24 student-level attendance extract,Validated — aggregated from source; n<10 suppressed,Building subgroup chronic absence; moderate + severe chronic categories.
Harrison Park,3.1,2024,English Learner,Not English Learner,423,249,58.9%,24-25 Attendance Comparison.xlsx — 2023-24 student-level attendance extract,Validated — aggregated from source; n<10 suppressed,Building subgroup chronic absence; moderate + severe chronic categories.
Harrison Park,3.1,2024,Special Education,Not Special Education,482,247,51.2%,24-25 Attendance Comparison.xlsx — 2023-24 student-level attendance extract,Validated — aggregated from source; n<10 suppressed,Building subgroup chronic absence; moderate + severe chronic categories.
CA Frost Environmental Elementary,3.1,2024,Gender,Male,236,25,10.6%,24-25 Attendance Comparison.xlsx — 2023-24 student-level attendance extract,Validated — aggregated from source; n<10 suppressed,Building subgroup chronic absence; moderate + severe chronic categories.
CA Frost Environmental Elementary,3.1,2024,Race,White,302,23,7.6%,24-25 Attendance Comparison.xlsx — 2023-24 student-level attendance extract,Validated — aggregated from source; n<10 suppressed,Building subgroup chronic absence; moderate + severe chronic categories.
CA Frost Environmental Elementary,3.1,2024,FRL,Not FRL Eligible,286,18,6.3%,24-25 Attendance Comparison.xlsx — 2023-24 student-level attendance extract,Validated — aggregated from source; n<10 suppressed,Building subgroup chronic absence; moderate + severe chronic categories.
CA Frost Environmental Elementary,3.1,2024,English Learner,Not English Learner,457,57,12.5%,24-25 Attendance Comparison.xlsx — 2023-24 student-level attendance extract,Validated — aggregated from source; n<10 suppressed,Building subgroup chronic absence; moderate + severe chronic categories.
CA Frost Environmental Elementary,3.1,2024,Special Education,Not Special Education,429,51,11.9%,24-25 Attendance Comparison.xlsx — 2023-24 student-level attendance extract,Validated — aggregated from source; n<10 suppressed,Building subgroup chronic absence; moderate + severe chronic categories.
Ridgemoor Park Montessori,3.1,2024,Gender,Male,69,17,24.6%,24-25 Attendance Comparison.xlsx — 2023-24 student-level attendance extract,Validated — aggregated from source; n<10 suppressed,Building subgroup chronic absence; moderate + severe chronic categories.
Ridgemoor Park Montessori,3.1,2024,Race,White,88,13,14.8%,24-25 Attendance Comparison.xlsx — 2023-24 student-level attendance extract,Validated — aggregated from source; n<10 suppressed,Building subgroup chronic absence; moderate + severe chronic categories.
Ridgemoor Park Montessori,3.1,2024,FRL,Not FRL Eligible,89,13,14.6%,24-25 Attendance Comparison.xlsx — 2023-24 student-level attendance extract,Validated — aggregated from source; n<10 suppressed,Building subgroup chronic absence; moderate + severe chronic categories.
Ridgemoor Park Montessori,3.1,2024,English Learner,Not English Learner,138,31,22.5%,24-25 Attendance Comparison.xlsx — 2023-24 student-level attendance extract,Validated — aggregated from source; n<10 suppressed,Building subgroup chronic absence; moderate + severe chronic categories.
Ridgemoor Park Montessori,3.1,2024,Special Education,Not Special Education,118,25,21.2%,24-25 Attendance Comparison.xlsx — 2023-24 student-level attendance extract,Validated — aggregated from source; n<10 suppressed,Building subgroup chronic absence; moderate + severe chronic categories.
Grand Rapids Montessori Elementary/Middle,3.1,2024,Gender,Female,141,20,14.2%,24-25 Attendance Comparison.xlsx — 2023-24 student-level attendance extract,Validated — aggregated from source; n<10 suppressed,Building subgroup chronic absence; moderate + severe chronic categories.
Grand Rapids Montessori Elementary/Middle,3.1,2024,Race,Hispanic,35,7,20.0%,24-25 Attendance Comparison.xlsx — 2023-24 student-level attendance extract,Validated — aggregated from source; n<10 suppressed,Building subgroup chronic absence; moderate + severe chronic categories.
Grand Rapids Montessori Elementary/Middle,3.1,2024,FRL,FRL Eligible,123,28,22.8%,24-25 Attendance Comparison.xlsx — 2023-24 student-level attendance extract,Validated — aggregated from source; n<10 suppressed,Building subgroup chronic absence; moderate + severe chronic categories.
Grand Rapids Montessori Elementary/Middle,3.1,2024,English Learner,Not English Learner,285,44,15.4%,24-25 Attendance Comparison.xlsx — 2023-24 student-level attendance extract,Validated — aggregated from source; n<10 suppressed,Building subgroup chronic absence; moderate + severe chronic categories.
Grand Rapids Montessori Elementary/Middle,3.1,2024,Special Education,Not Special Education,242,32,13.2%,24-25 Attendance Comparison.xlsx — 2023-24 student-level attendance extract,Validated — aggregated from source; n<10 suppressed,Building subgroup chronic absence; moderate + severe chronic categories.
Buchanan,3.1,2024,Gender,Male,197,56,28.4%,24-25 Attendance Comparison.xlsx — 2023-24 student-level attendance extract,Validated — aggregated from source; n<10 suppressed,Building subgroup chronic absence; moderate + severe chronic categories.
Buchanan,3.1,2024,Race,Hispanic,348,88,25.3%,24-25 Attendance Comparison.xlsx — 2023-24 student-level attendance extract,Validated — aggregated from source; n<10 suppressed,Building subgroup chronic absence; moderate + severe chronic categories.
Buchanan,3.1,2024,FRL,Not FRL Eligible,151,35,23.2%,24-25 Attendance Comparison.xlsx — 2023-24 student-level attendance extract,Validated — aggregated from source; n<10 suppressed,Building subgroup chronic absence; moderate + severe chronic categories.
Buchanan,3.1,2024,English Learner,English Learner,302,64,21.2%,24-25 Attendance Comparison.xlsx — 2023-24 student-level attendance extract,Validated — aggregated from source; n<10 suppressed,Building subgroup chronic absence; moderate + severe chronic categories.
Buchanan,3.1,2024,Special Education,Not Special Education,350,97,27.7%,24-25 Attendance Comparison.xlsx — 2023-24 student-level attendance extract,Validated — aggregated from source; n<10 suppressed,Building subgroup chronic absence; moderate + severe chronic categories.
Gerald R. Ford Academic Center,3.1,2024,Gender,Female,119,28,23.5%,24-25 Attendance Comparison.xlsx — 2023-24 student-level attendance extract,Validated — aggregated from source; n<10 suppressed,Building subgroup chronic absence; moderate + severe chronic categories.
Gerald R. Ford Academic Center,3.1,2024,Race,African American,124,27,21.8%,24-25 Attendance Comparison.xlsx — 2023-24 student-level attendance extract,Validated — aggregated from source; n<10 suppressed,Building subgroup chronic absence; moderate + severe chronic categories.
Gerald R. Ford Academic Center,3.1,2024,FRL,FRL Eligible,154,44,28.6%,24-25 Attendance Comparison.xlsx — 2023-24 student-level attendance extract,Validated — aggregated from source; n<10 suppressed,Building subgroup chronic absence; moderate + severe chronic categories.
Gerald R. Ford Academic Center,3.1,2024,English Learner,Not English Learner,169,44,26.0%,24-25 Attendance Comparison.xlsx — 2023-24 student-level attendance extract,Validated — aggregated from source; n<10 suppressed,Building subgroup chronic absence; moderate + severe chronic categories.
Gerald R. Ford Academic Center,3.1,2024,Special Education,Not Special Education,191,45,23.6%,24-25 Attendance Comparison.xlsx — 2023-24 student-level attendance extract,Validated — aggregated from source; n<10 suppressed,Building subgroup chronic absence; moderate + severe chronic categories.
Sibley,3.1,2024,Race,White,32,16,50.0%,24-25 Attendance Comparison.xlsx — 2023-24 student-level attendance extract,Validated — aggregated from source; n<10 suppressed,Building subgroup chronic absence; moderate + severe chronic categories.
Sibley,3.1,2024,FRL,Not FRL Eligible,86,22,25.6%,24-25 Attendance Comparison.xlsx — 2023-24 student-level attendance extract,Validated — aggregated from source; n<10 suppressed,Building subgroup chronic absence; moderate + severe chronic categories.
Martin Luther King Jr.,3.1,2024,Gender,Male,142,85,59.9%,24-25 Attendance Comparison.xlsx — 2023-24 student-level attendance extract,Validated — aggregated from source; n<10 suppressed,Building subgroup chronic absence; moderate + severe chronic categories.
Martin Luther King Jr.,3.1,2024,Race,African American,201,116,57.7%,24-25 Attendance Comparison.xlsx — 2023-24 student-level attendance extract,Validated — aggregated from source; n<10 suppressed,Building subgroup chronic absence; moderate + severe chronic categories.
Martin Luther King Jr.,3.1,2024,FRL,FRL Eligible,243,143,58.8%,24-25 Attendance Comparison.xlsx — 2023-24 student-level attendance extract,Validated — aggregated from source; n<10 suppressed,Building subgroup chronic absence; moderate + severe chronic categories.
Martin Luther King Jr.,3.1,2024,English Learner,Not English Learner,248,142,57.3%,24-25 Attendance Comparison.xlsx — 2023-24 student-level attendance extract,Validated — aggregated from source; n<10 suppressed,Building subgroup chronic absence; moderate + severe chronic categories.
Martin Luther King Jr.,3.1,2024,Special Education,Special Education,46,24,52.2%,24-25 Attendance Comparison.xlsx — 2023-24 student-level attendance extract,Validated — aggregated from source; n<10 suppressed,Building subgroup chronic absence; moderate + severe chronic categories.
Aberdeen Academy,3.1,2024,Gender,Male,128,35,27.3%,24-25 Attendance Comparison.xlsx — 2023-24 student-level attendance extract,Validated — aggregated from source; n<10 suppressed,Building subgroup chronic absence; moderate + severe chronic categories.
Aberdeen Academy,3.1,2024,Race,White,88,20,22.7%,24-25 Attendance Comparison.xlsx — 2023-24 student-level attendance extract,Validated — aggregated from source; n<10 suppressed,Building subgroup chronic absence; moderate + severe chronic categories.
Aberdeen Academy,3.1,2024,FRL,FRL Eligible,129,47,36.4%,24-25 Attendance Comparison.xlsx — 2023-24 student-level attendance extract,Validated — aggregated from source; n<10 suppressed,Building subgroup chronic absence; moderate + severe chronic categories.
Aberdeen Academy,3.1,2024,English Learner,Not English Learner,200,56,28.0%,24-25 Attendance Comparison.xlsx — 2023-24 student-level attendance extract,Validated — aggregated from source; n<10 suppressed,Building subgroup chronic absence; moderate + severe chronic categories.
Aberdeen Academy,3.1,2024,Special Education,Special Education,72,26,36.1%,24-25 Attendance Comparison.xlsx — 2023-24 student-level attendance extract,Validated — aggregated from source; n<10 suppressed,Building subgroup chronic absence; moderate + severe chronic categories.
Cesar E. Chavez,3.1,2024,Gender,Male,238,81,34.0%,24-25 Attendance Comparison.xlsx — 2023-24 student-level attendance extract,Validated — aggregated from source; n<10 suppressed,Building subgroup chronic absence; moderate + severe chronic categories.
Cesar E. Chavez,3.1,2024,Race,Hispanic,346,88,25.4%,24-25 Attendance Comparison.xlsx — 2023-24 student-level attendance extract,Validated — aggregated from source; n<10 suppressed,Building subgroup chronic absence; moderate + severe chronic categories.
Cesar E. Chavez,3.1,2024,FRL,FRL Eligible,290,122,42.1%,24-25 Attendance Comparison.xlsx — 2023-24 student-level attendance extract,Validated — aggregated from source; n<10 suppressed,Building subgroup chronic absence; moderate + severe chronic categories.
Cesar E. Chavez,3.1,2024,English Learner,English Learner,287,55,19.2%,24-25 Attendance Comparison.xlsx — 2023-24 student-level attendance extract,Validated — aggregated from source; n<10 suppressed,Building subgroup chronic absence; moderate + severe chronic categories.
Cesar E. Chavez,3.1,2024,Special Education,Not Special Education,375,127,33.9%,24-25 Attendance Comparison.xlsx — 2023-24 student-level attendance extract,Validated — aggregated from source; n<10 suppressed,Building subgroup chronic absence; moderate + severe chronic categories.
Palmer,3.1,2024,Gender,Male,98,43,43.9%,24-25 Attendance Comparison.xlsx — 2023-24 student-level attendance extract,Validated — aggregated from source; n<10 suppressed,Building subgroup chronic absence; moderate + severe chronic categories.
Palmer,3.1,2024,Race,White,50,20,40.0%,24-25 Attendance Comparison.xlsx — 2023-24 student-level attendance extract,Validated — aggregated from source; n<10 suppressed,Building subgroup chronic absence; moderate + severe chronic categories.
Palmer,3.1,2024,FRL,Not FRL Eligible,60,16,26.7%,24-25 Attendance Comparison.xlsx — 2023-24 student-level attendance extract,Validated — aggregated from source; n<10 suppressed,Building subgroup chronic absence; moderate + severe chronic categories.
Palmer,3.1,2024,English Learner,Not English Learner,139,64,46.0%,24-25 Attendance Comparison.xlsx — 2023-24 student-level attendance extract,Validated — aggregated from source; n<10 suppressed,Building subgroup chronic absence; moderate + severe chronic categories.
Palmer,3.1,2024,Special Education,Special Education,39,18,46.2%,24-25 Attendance Comparison.xlsx — 2023-24 student-level attendance extract,Validated — aggregated from source; n<10 suppressed,Building subgroup chronic absence; moderate + severe chronic categories.
Buchanan,3.1,2024,English Learner,Not English Learner,118,55,46.6%,24-25 Attendance Comparison.xlsx — 2023-24 student-level attendance extract,Validated — aggregated from source; n<10 suppressed,Building subgroup chronic absence; moderate + severe chronic categories.
Dickinson,3.1,2024,Race,Hispanic,109,46,42.2%,24-25 Attendance Comparison.xlsx — 2023-24 student-level attendance extract,Validated — aggregated from source; n<10 suppressed,Building subgroup chronic absence; moderate + severe chronic categories.
Dickinson,3.1,2024,Special Education,Special Education,70,42,60.0%,24-25 Attendance Comparison.xlsx — 2023-24 student-level attendance extract,Validated — aggregated from source; n<10 suppressed,Building subgroup chronic absence; moderate + severe chronic categories.
Grand Rapids Montessori Elementary/Middle,3.1,2024,Gender,Male,152,24,15.8%,24-25 Attendance Comparison.xlsx — 2023-24 student-level attendance extract,Validated — aggregated from source; n<10 suppressed,Building subgroup chronic absence; moderate + severe chronic categories.
Grand Rapids Montessori Elementary/Middle,3.1,2024,Race,White,194,20,10.3%,24-25 Attendance Comparison.xlsx — 2023-24 student-level attendance extract,Validated — aggregated from source; n<10 suppressed,Building subgroup chronic absence; moderate + severe chronic categories.
Cesar E. Chavez,3.1,2024,Gender,Female,204,70,34.3%,24-25 Attendance Comparison.xlsx — 2023-24 student-level attendance extract,Validated — aggregated from source; n<10 suppressed,Building subgroup chronic absence; moderate + severe chronic categories.
Cesar E. Chavez,3.1,2024,Race,African American,76,46,60.5%,24-25 Attendance Comparison.xlsx — 2023-24 student-level attendance extract,Validated — aggregated from source; n<10 suppressed,Building subgroup chronic absence; moderate + severe chronic categories.
Cesar E. Chavez,3.1,2024,English Learner,Not English Learner,155,96,61.9%,24-25 Attendance Comparison.xlsx — 2023-24 student-level attendance extract,Validated — aggregated from source; n<10 suppressed,Building subgroup chronic absence; moderate + severe chronic categories.
Brookside,3.1,2024,Gender,Male,115,26,22.6%,24-25 Attendance Comparison.xlsx — 2023-24 student-level attendance extract,Validated — aggregated from source; n<10 suppressed,Building subgroup chronic absence; moderate + severe chronic categories.
Brookside,3.1,2024,Race,African American,106,27,25.5%,24-25 Attendance Comparison.xlsx — 2023-24 student-level attendance extract,Validated — aggregated from source; n<10 suppressed,Building subgroup chronic absence; moderate + severe chronic categories.
Brookside,3.1,2024,FRL,FRL Eligible,165,54,32.7%,24-25 Attendance Comparison.xlsx — 2023-24 student-level attendance extract,Validated — aggregated from source; n<10 suppressed,Building subgroup chronic absence; moderate + severe chronic categories.
Brookside,3.1,2024,English Learner,Not English Learner,172,54,31.4%,24-25 Attendance Comparison.xlsx — 2023-24 student-level attendance extract,Validated — aggregated from source; n<10 suppressed,Building subgroup chronic absence; moderate + severe chronic categories.
Brookside,3.1,2024,Special Education,Not Special Education,216,57,26.4%,24-25 Attendance Comparison.xlsx — 2023-24 student-level attendance extract,Validated — aggregated from source; n<10 suppressed,Building subgroup chronic absence; moderate + severe chronic categories.
Palmer,3.1,2024,Race,Two or More,27,8,29.6%,24-25 Attendance Comparison.xlsx — 2023-24 student-level attendance extract,Validated — aggregated from source; n<10 suppressed,Building subgroup chronic absence; moderate + severe chronic categories.
Palmer,3.1,2024,English Learner,English Learner,50,6,12.0%,24-25 Attendance Comparison.xlsx — 2023-24 student-level attendance extract,Validated — aggregated from source; n<10 suppressed,Building subgroup chronic absence; moderate + severe chronic categories.
Palmer,3.1,2024,Special Education,Not Special Education,150,52,34.7%,24-25 Attendance Comparison.xlsx — 2023-24 student-level attendance extract,Validated — aggregated from source; n<10 suppressed,Building subgroup chronic absence; moderate + severe chronic categories.
Harrison Park,3.1,2024,Gender,Male,315,179,56.8%,24-25 Attendance Comparison.xlsx — 2023-24 student-level attendance extract,Validated — aggregated from source; n<10 suppressed,Building subgroup chronic absence; moderate + severe chronic categories.
Harrison Park,3.1,2024,Race,Hispanic,277,125,45.1%,24-25 Attendance Comparison.xlsx — 2023-24 student-level attendance extract,Validated — aggregated from source; n<10 suppressed,Building subgroup chronic absence; moderate + severe chronic categories.
Harrison Park,3.1,2024,FRL,Not FRL Eligible,175,61,34.9%,24-25 Attendance Comparison.xlsx — 2023-24 student-level attendance extract,Validated — aggregated from source; n<10 suppressed,Building subgroup chronic absence; moderate + severe chronic categories.
Harrison Park,3.1,2024,English Learner,English Learner,169,66,39.1%,24-25 Attendance Comparison.xlsx — 2023-24 student-level attendance extract,Validated — aggregated from source; n<10 suppressed,Building subgroup chronic absence; moderate + severe chronic categories.
North Park Montessori,3.1,2024,Gender,Male,218,36,16.5%,24-25 Attendance Comparison.xlsx — 2023-24 student-level attendance extract,Validated — aggregated from source; n<10 suppressed,Building subgroup chronic absence; moderate + severe chronic categories.
North Park Montessori,3.1,2024,Race,White,257,27,10.5%,24-25 Attendance Comparison.xlsx — 2023-24 student-level attendance extract,Validated — aggregated from source; n<10 suppressed,Building subgroup chronic absence; moderate + severe chronic categories.
North Park Montessori,3.1,2024,FRL,FRL Eligible,123,36,29.3%,24-25 Attendance Comparison.xlsx — 2023-24 student-level attendance extract,Validated — aggregated from source; n<10 suppressed,Building subgroup chronic absence; moderate + severe chronic categories.
North Park Montessori,3.1,2024,English Learner,Not English Learner,364,52,14.3%,24-25 Attendance Comparison.xlsx — 2023-24 student-level attendance extract,Validated — aggregated from source; n<10 suppressed,Building subgroup chronic absence; moderate + severe chronic categories.
North Park Montessori,3.1,2024,Special Education,Special Education,55,13,23.6%,24-25 Attendance Comparison.xlsx — 2023-24 student-level attendance extract,Validated — aggregated from source; n<10 suppressed,Building subgroup chronic absence; moderate + severe chronic categories.
Cesar E. Chavez,3.1,2024,FRL,Not FRL Eligible,152,29,19.1%,24-25 Attendance Comparison.xlsx — 2023-24 student-level attendance extract,Validated — aggregated from source; n<10 suppressed,Building subgroup chronic absence; moderate + severe chronic categories.
Martin Luther King Jr.,3.1,2024,Gender,Female,130,65,50.0%,24-25 Attendance Comparison.xlsx — 2023-24 student-level attendance extract,Validated — aggregated from source; n<10 suppressed,Building subgroup chronic absence; moderate + severe chronic categories.
Martin Luther King Jr.,3.1,2024,Race,Hispanic,41,21,51.2%,24-25 Attendance Comparison.xlsx — 2023-24 student-level attendance extract,Validated — aggregated from source; n<10 suppressed,Building subgroup chronic absence; moderate + severe chronic categories.
Martin Luther King Jr.,3.1,2024,FRL,Not FRL Eligible,29,7,24.1%,24-25 Attendance Comparison.xlsx — 2023-24 student-level attendance extract,Validated — aggregated from source; n<10 suppressed,Building subgroup chronic absence; moderate + severe chronic categories.
Martin Luther King Jr.,3.1,2024,English Learner,English Learner,24,8,33.3%,24-25 Attendance Comparison.xlsx — 2023-24 student-level attendance extract,Validated — aggregated from source; n<10 suppressed,Building subgroup chronic absence; moderate + severe chronic categories.
Martin Luther King Jr.,3.1,2024,Special Education,Not Special Education,226,126,55.8%,24-25 Attendance Comparison.xlsx — 2023-24 student-level attendance extract,Validated — aggregated from source; n<10 suppressed,Building subgroup chronic absence; moderate + severe chronic categories.
Burton Elementary,3.1,2024,Gender,Male,208,55,26.4%,24-25 Attendance Comparison.xlsx — 2023-24 student-level attendance extract,Validated — aggregated from source; n<10 suppressed,Building subgroup chronic absence; moderate + severe chronic categories.
Burton Elementary,3.1,2024,Race,Hispanic,337,79,23.4%,24-25 Attendance Comparison.xlsx — 2023-24 student-level attendance extract,Validated — aggregated from source; n<10 suppressed,Building subgroup chronic absence; moderate + severe chronic categories.
Burton Elementary,3.1,2024,FRL,FRL Eligible,233,71,30.5%,24-25 Attendance Comparison.xlsx — 2023-24 student-level attendance extract,Validated — aggregated from source; n<10 suppressed,Building subgroup chronic absence; moderate + severe chronic categories.
Burton Elementary,3.1,2024,English Learner,English Learner,293,65,22.2%,24-25 Attendance Comparison.xlsx — 2023-24 student-level attendance extract,Validated — aggregated from source; n<10 suppressed,Building subgroup chronic absence; moderate + severe chronic categories.
Burton Elementary,3.1,2024,Special Education,Special Education,69,20,29.0%,24-25 Attendance Comparison.xlsx — 2023-24 student-level attendance extract,Validated — aggregated from source; n<10 suppressed,Building subgroup chronic absence; moderate + severe chronic categories.
Ken-o-Sha Park,3.1,2024,Gender,Female,57,18,31.6%,24-25 Attendance Comparison.xlsx — 2023-24 student-level attendance extract,Validated — aggregated from source; n<10 suppressed,Building subgroup chronic absence; moderate + severe chronic categories.
Shawmut Hills,3.1,2024,Gender,Female,121,44,36.4%,24-25 Attendance Comparison.xlsx — 2023-24 student-level attendance extract,Validated — aggregated from source; n<10 suppressed,Building subgroup chronic absence; moderate + severe chronic categories.
Shawmut Hills,3.1,2024,Race,Hispanic,93,38,40.9%,24-25 Attendance Comparison.xlsx — 2023-24 student-level attendance extract,Validated — aggregated from source; n<10 suppressed,Building subgroup chronic absence; moderate + severe chronic categories.
Shawmut Hills,3.1,2024,FRL,FRL Eligible,184,89,48.4%,24-25 Attendance Comparison.xlsx — 2023-24 student-level attendance extract,Validated — aggregated from source; n<10 suppressed,Building subgroup chronic absence; moderate + severe chronic categories.
Shawmut Hills,3.1,2024,English Learner,English Learner,42,9,21.4%,24-25 Attendance Comparison.xlsx — 2023-24 student-level attendance extract,Validated — aggregated from source; n<10 suppressed,Building subgroup chronic absence; moderate + severe chronic categories.
Shawmut Hills,3.1,2024,Special Education,Not Special Education,223,86,38.6%,24-25 Attendance Comparison.xlsx — 2023-24 student-level attendance extract,Validated — aggregated from source; n<10 suppressed,Building subgroup chronic absence; moderate + severe chronic categories.
Buchanan,3.1,2024,Gender,Female,223,63,28.3%,24-25 Attendance Comparison.xlsx — 2023-24 student-level attendance extract,Validated — aggregated from source; n<10 suppressed,Building subgroup chronic absence; moderate + severe chronic categories.
Buchanan,3.1,2024,Race,African American,57,24,42.1%,24-25 Attendance Comparison.xlsx — 2023-24 student-level attendance extract,Validated — aggregated from source; n<10 suppressed,Building subgroup chronic absence; moderate + severe chronic categories.
Buchanan,3.1,2024,FRL,FRL Eligible,269,84,31.2%,24-25 Attendance Comparison.xlsx — 2023-24 student-level attendance extract,Validated — aggregated from source; n<10 suppressed,Building subgroup chronic absence; moderate + severe chronic categories.
Buchanan,3.1,2024,Special Education,Special Education,70,22,31.4%,24-25 Attendance Comparison.xlsx — 2023-24 student-level attendance extract,Validated — aggregated from source; n<10 suppressed,Building subgroup chronic absence; moderate + severe chronic categories.
Southwest Community Campus Elementary,3.1,2024,English Learner,English Learner,358,62,17.3%,24-25 Attendance Comparison.xlsx — 2023-24 student-level attendance extract,Validated — aggregated from source; n<10 suppressed,Building subgroup chronic absence; moderate + severe chronic categories.
Southwest Community Campus Elementary,3.1,2024,Special Education,Special Education,95,25,26.3%,24-25 Attendance Comparison.xlsx — 2023-24 student-level attendance extract,Validated — aggregated from source; n<10 suppressed,Building subgroup chronic absence; moderate + severe chronic categories.
Grand Rapids Montessori Elementary/Middle,3.1,2024,FRL,Not FRL Eligible,170,16,9.4%,24-25 Attendance Comparison.xlsx — 2023-24 student-level attendance extract,Validated — aggregated from source; n<10 suppressed,Building subgroup chronic absence; moderate + severe chronic categories.
Congress,3.1,2024,Gender,Male,96,33,34.4%,24-25 Attendance Comparison.xlsx — 2023-24 student-level attendance extract,Validated — aggregated from source; n<10 suppressed,Building subgroup chronic absence; moderate + severe chronic categories.
Congress,3.1,2024,Race,Hispanic,54,25,46.3%,24-25 Attendance Comparison.xlsx — 2023-24 student-level attendance extract,Validated — aggregated from source; n<10 suppressed,Building subgroup chronic absence; moderate + severe chronic categories.
Congress,3.1,2024,FRL,FRL Eligible,109,56,51.4%,24-25 Attendance Comparison.xlsx — 2023-24 student-level attendance extract,Validated — aggregated from source; n<10 suppressed,Building subgroup chronic absence; moderate + severe chronic categories.
Congress,3.1,2024,English Learner,Not English Learner,168,57,33.9%,24-25 Attendance Comparison.xlsx — 2023-24 student-level attendance extract,Validated — aggregated from source; n<10 suppressed,Building subgroup chronic absence; moderate + severe chronic categories.
Congress,3.1,2024,Special Education,Not Special Education,178,54,30.3%,24-25 Attendance Comparison.xlsx — 2023-24 student-level attendance extract,Validated — aggregated from source; n<10 suppressed,Building subgroup chronic absence; moderate + severe chronic categories.
Shawmut Hills,3.1,2024,Gender,Male,156,69,44.2%,24-25 Attendance Comparison.xlsx — 2023-24 student-level attendance extract,Validated — aggregated from source; n<10 suppressed,Building subgroup chronic absence; moderate + severe chronic categories.
Shawmut Hills,3.1,2024,Race,African American,65,38,58.5%,24-25 Attendance Comparison.xlsx — 2023-24 student-level attendance extract,Validated — aggregated from source; n<10 suppressed,Building subgroup chronic absence; moderate + severe chronic categories.
Shawmut Hills,3.1,2024,English Learner,Not English Learner,237,105,44.3%,24-25 Attendance Comparison.xlsx — 2023-24 student-level attendance extract,Validated — aggregated from source; n<10 suppressed,Building subgroup chronic absence; moderate + severe chronic categories.
Campus Elementary,3.1,2024,Gender,Female,122,75,61.5%,24-25 Attendance Comparison.xlsx — 2023-24 student-level attendance extract,Validated — aggregated from source; n<10 suppressed,Building subgroup chronic absence; moderate + severe chronic categories.
Campus Elementary,3.1,2024,Race,White,10,5,50.0%,24-25 Attendance Comparison.xlsx — 2023-24 student-level attendance extract,Validated — aggregated from source; n<10 suppressed,Building subgroup chronic absence; moderate + severe chronic categories.
Mulick Park,3.1,2024,Gender,Male,153,67,43.8%,24-25 Attendance Comparison.xlsx — 2023-24 student-level attendance extract,Validated — aggregated from source; n<10 suppressed,Building subgroup chronic absence; moderate + severe chronic categories.
Mulick Park,3.1,2024,Race,White,35,7,20.0%,24-25 Attendance Comparison.xlsx — 2023-24 student-level attendance extract,Validated — aggregated from source; n<10 suppressed,Building subgroup chronic absence; moderate + severe chronic categories.
Mulick Park,3.1,2024,FRL,Not FRL Eligible,68,16,23.5%,24-25 Attendance Comparison.xlsx — 2023-24 student-level attendance extract,Validated — aggregated from source; n<10 suppressed,Building subgroup chronic absence; moderate + severe chronic categories.
Mulick Park,3.1,2024,English Learner,Not English Learner,262,111,42.4%,24-25 Attendance Comparison.xlsx — 2023-24 student-level attendance extract,Validated — aggregated from source; n<10 suppressed,Building subgroup chronic absence; moderate + severe chronic categories.
Mulick Park,3.1,2024,Special Education,Not Special Education,235,91,38.7%,24-25 Attendance Comparison.xlsx — 2023-24 student-level attendance extract,Validated — aggregated from source; n<10 suppressed,Building subgroup chronic absence; moderate + severe chronic categories.
Mulick Park,3.1,2024,Gender,Female,137,53,38.7%,24-25 Attendance Comparison.xlsx — 2023-24 student-level attendance extract,Validated — aggregated from source; n<10 suppressed,Building subgroup chronic absence; moderate + severe chronic categories.
Mulick Park,3.1,2024,Race,Hispanic,40,21,52.5%,24-25 Attendance Comparison.xlsx — 2023-24 student-level attendance extract,Validated — aggregated from source; n<10 suppressed,Building subgroup chronic absence; moderate + severe chronic categories.
Mulick Park,3.1,2024,FRL,FRL Eligible,222,104,46.8%,24-25 Attendance Comparison.xlsx — 2023-24 student-level attendance extract,Validated — aggregated from source; n<10 suppressed,Building subgroup chronic absence; moderate + severe chronic categories.
Palmer,3.1,2024,Race,African American,52,25,48.1%,24-25 Attendance Comparison.xlsx — 2023-24 student-level attendance extract,Validated — aggregated from source; n<10 suppressed,Building subgroup chronic absence; moderate + severe chronic categories.
Palmer,3.1,2024,FRL,FRL Eligible,129,54,41.9%,24-25 Attendance Comparison.xlsx — 2023-24 student-level attendance extract,Validated — aggregated from source; n<10 suppressed,Building subgroup chronic absence; moderate + severe chronic categories.
Campus Elementary,3.1,2024,Race,African American,174,110,63.2%,24-25 Attendance Comparison.xlsx — 2023-24 student-level attendance extract,Validated — aggregated from source; n<10 suppressed,Building subgroup chronic absence; moderate + severe chronic categories.
Campus Elementary,3.1,2024,Special Education,Not Special Education,194,121,62.4%,24-25 Attendance Comparison.xlsx — 2023-24 student-level attendance extract,Validated — aggregated from source; n<10 suppressed,Building subgroup chronic absence; moderate + severe chronic categories.
Burton Elementary,3.1,2024,Special Education,Not Special Education,328,80,24.4%,24-25 Attendance Comparison.xlsx — 2023-24 student-level attendance extract,Validated — aggregated from source; n<10 suppressed,Building subgroup chronic absence; moderate + severe chronic categories.
Dickinson,3.1,2024,Gender,Female,103,49,47.6%,24-25 Attendance Comparison.xlsx — 2023-24 student-level attendance extract,Validated — aggregated from source; n<10 suppressed,Building subgroup chronic absence; moderate + severe chronic categories.
Dickinson,3.1,2024,Race,Two or More,15,9,60.0%,24-25 Attendance Comparison.xlsx — 2023-24 student-level attendance extract,Validated — aggregated from source; n<10 suppressed,Building subgroup chronic absence; moderate + severe chronic categories.
Buchanan,3.1,2024,Race,White,12,5,41.7%,24-25 Attendance Comparison.xlsx — 2023-24 student-level attendance extract,Validated — aggregated from source; n<10 suppressed,Building subgroup chronic absence; moderate + severe chronic categories.
Sibley,3.1,2024,Gender,Male,146,58,39.7%,24-25 Attendance Comparison.xlsx — 2023-24 student-level attendance extract,Validated — aggregated from source; n<10 suppressed,Building subgroup chronic absence; moderate + severe chronic categories.
Sibley,3.1,2024,Race,Hispanic,107,28,26.2%,24-25 Attendance Comparison.xlsx — 2023-24 student-level attendance extract,Validated — aggregated from source; n<10 suppressed,Building subgroup chronic absence; moderate + severe chronic categories.
Sibley,3.1,2024,English Learner,English Learner,79,15,19.0%,24-25 Attendance Comparison.xlsx — 2023-24 student-level attendance extract,Validated — aggregated from source; n<10 suppressed,Building subgroup chronic absence; moderate + severe chronic categories.
Ridgemoor Park Montessori,3.1,2024,Gender,Female,70,14,20.0%,24-25 Attendance Comparison.xlsx — 2023-24 student-level attendance extract,Validated — aggregated from source; n<10 suppressed,Building subgroup chronic absence; moderate + severe chronic categories.
Ridgemoor Park Montessori,3.1,2024,Race,African American,21,8,38.1%,24-25 Attendance Comparison.xlsx — 2023-24 student-level attendance extract,Validated — aggregated from source; n<10 suppressed,Building subgroup chronic absence; moderate + severe chronic categories.
Gerald R. Ford Academic Center,3.1,2024,Gender,Male,105,25,23.8%,24-25 Attendance Comparison.xlsx — 2023-24 student-level attendance extract,Validated — aggregated from source; n<10 suppressed,Building subgroup chronic absence; moderate + severe chronic categories.
Gerald R. Ford Academic Center,3.1,2024,Race,Hispanic,89,23,25.8%,24-25 Attendance Comparison.xlsx — 2023-24 student-level attendance extract,Validated — aggregated from source; n<10 suppressed,Building subgroup chronic absence; moderate + severe chronic categories.
Shawmut Hills,3.1,2024,Race,White,85,24,28.2%,24-25 Attendance Comparison.xlsx — 2023-24 student-level attendance extract,Validated — aggregated from source; n<10 suppressed,Building subgroup chronic absence; moderate + severe chronic categories.
Shawmut Hills,3.1,2024,Special Education,Special Education,56,28,50.0%,24-25 Attendance Comparison.xlsx — 2023-24 student-level attendance extract,Validated — aggregated from source; n<10 suppressed,Building subgroup chronic absence; moderate + severe chronic categories.
Coit Creative Arts,3.1,2024,Gender,Male,123,43,35.0%,24-25 Attendance Comparison.xlsx — 2023-24 student-level attendance extract,Validated — aggregated from source; n<10 suppressed,Building subgroup chronic absence; moderate + severe chronic categories.
Coit Creative Arts,3.1,2024,Race,African American,76,34,44.7%,24-25 Attendance Comparison.xlsx — 2023-24 student-level attendance extract,Validated — aggregated from source; n<10 suppressed,Building subgroup chronic absence; moderate + severe chronic categories.
Coit Creative Arts,3.1,2024,FRL,FRL Eligible,161,66,41.0%,24-25 Attendance Comparison.xlsx — 2023-24 student-level attendance extract,Validated — aggregated from source; n<10 suppressed,Building subgroup chronic absence; moderate + severe chronic categories.
Coit Creative Arts,3.1,2024,English Learner,Not English Learner,228,75,32.9%,24-25 Attendance Comparison.xlsx — 2023-24 student-level attendance extract,Validated — aggregated from source; n<10 suppressed,Building subgroup chronic absence; moderate + severe chronic categories.
Coit Creative Arts,3.1,2024,Special Education,Special Education,55,24,43.6%,24-25 Attendance Comparison.xlsx — 2023-24 student-level attendance extract,Validated — aggregated from source; n<10 suppressed,Building subgroup chronic absence; moderate + severe chronic categories.
Burton Elementary,3.1,2024,English Learner,Not English Learner,104,35,33.7%,24-25 Attendance Comparison.xlsx — 2023-24 student-level attendance extract,Validated — aggregated from source; n<10 suppressed,Building subgroup chronic absence; moderate + severe chronic categories.
Grand Rapids Montessori Elementary/Middle,3.1,2024,Special Education,Special Education,51,12,23.5%,24-25 Attendance Comparison.xlsx — 2023-24 student-level attendance extract,Validated — aggregated from source; n<10 suppressed,Building subgroup chronic absence; moderate + severe chronic categories.
Brookside,3.1,2024,Gender,Female,125,40,32.0%,24-25 Attendance Comparison.xlsx — 2023-24 student-level attendance extract,Validated — aggregated from source; n<10 suppressed,Building subgroup chronic absence; moderate + severe chronic categories.
Brookside,3.1,2024,Race,White,47,13,27.7%,24-25 Attendance Comparison.xlsx — 2023-24 student-level attendance extract,Validated — aggregated from source; n<10 suppressed,Building subgroup chronic absence; moderate + severe chronic categories.
Brookside,3.1,2024,FRL,Not FRL Eligible,75,12,16.0%,24-25 Attendance Comparison.xlsx — 2023-24 student-level attendance extract,Validated — aggregated from source; n<10 suppressed,Building subgroup chronic absence; moderate + severe chronic categories.
Campus Elementary,3.1,2024,Race,Hispanic,36,24,66.7%,24-25 Attendance Comparison.xlsx — 2023-24 student-level attendance extract,Validated — aggregated from source; n<10 suppressed,Building subgroup chronic absence; moderate + severe chronic categories.
Campus Elementary,3.1,2024,FRL,Not FRL Eligible,29,13,44.8%,24-25 Attendance Comparison.xlsx — 2023-24 student-level attendance extract,Validated — aggregated from source; n<10 suppressed,Building subgroup chronic absence; moderate + severe chronic categories.
Campus Elementary,3.1,2024,English Learner,English Learner,32,12,37.5%,24-25 Attendance Comparison.xlsx — 2023-24 student-level attendance extract,Validated — aggregated from source; n<10 suppressed,Building subgroup chronic absence; moderate + severe chronic categories.
Palmer,3.1,2024,Gender,Female,91,27,29.7%,24-25 Attendance Comparison.xlsx — 2023-24 student-level attendance extract,Validated — aggregated from source; n<10 suppressed,Building subgroup chronic absence; moderate + severe chronic categories.
CA Frost Environmental Elementary,3.1,2024,Gender,Female,233,35,15.0%,24-25 Attendance Comparison.xlsx — 2023-24 student-level attendance extract,Validated — aggregated from source; n<10 suppressed,Building subgroup chronic absence; moderate + severe chronic categories.
CA Frost Environmental Elementary,3.1,2024,Special Education,Special Education,40,9,22.5%,24-25 Attendance Comparison.xlsx — 2023-24 student-level attendance extract,Validated — aggregated from source; n<10 suppressed,Building subgroup chronic absence; moderate + severe chronic categories.
Aberdeen Academy,3.1,2024,Gender,Female,94,28,29.8%,24-25 Attendance Comparison.xlsx — 2023-24 student-level attendance extract,Validated — aggregated from source; n<10 suppressed,Building subgroup chronic absence; moderate + severe chronic categories.
Aberdeen Academy,3.1,2024,FRL,Not FRL Eligible,93,16,17.2%,24-25 Attendance Comparison.xlsx — 2023-24 student-level attendance extract,Validated — aggregated from source; n<10 suppressed,Building subgroup chronic absence; moderate + severe chronic categories.
Shawmut Hills,3.1,2024,FRL,Not FRL Eligible,95,25,26.3%,24-25 Attendance Comparison.xlsx — 2023-24 student-level attendance extract,Validated — aggregated from source; n<10 suppressed,Building subgroup chronic absence; moderate + severe chronic categories.
Kent Hills,3.1,2024,Gender,Female,122,59,48.4%,24-25 Attendance Comparison.xlsx — 2023-24 student-level attendance extract,Validated — aggregated from source; n<10 suppressed,Building subgroup chronic absence; moderate + severe chronic categories.
Kent Hills,3.1,2024,Race,Hispanic,48,20,41.7%,24-25 Attendance Comparison.xlsx — 2023-24 student-level attendance extract,Validated — aggregated from source; n<10 suppressed,Building subgroup chronic absence; moderate + severe chronic categories.
Kent Hills,3.1,2024,FRL,FRL Eligible,177,106,59.9%,24-25 Attendance Comparison.xlsx — 2023-24 student-level attendance extract,Validated — aggregated from source; n<10 suppressed,Building subgroup chronic absence; moderate + severe chronic categories.
Kent Hills,3.1,2024,English Learner,Not English Learner,198,117,59.1%,24-25 Attendance Comparison.xlsx — 2023-24 student-level attendance extract,Validated — aggregated from source; n<10 suppressed,Building subgroup chronic absence; moderate + severe chronic categories.
Kent Hills,3.1,2024,Special Education,Not Special Education,168,85,50.6%,24-25 Attendance Comparison.xlsx — 2023-24 student-level attendance extract,Validated — aggregated from source; n<10 suppressed,Building subgroup chronic absence; moderate + severe chronic categories.
Aberdeen Academy,3.1,2024,Special Education,Not Special Education,150,37,24.7%,24-25 Attendance Comparison.xlsx — 2023-24 student-level attendance extract,Validated — aggregated from source; n<10 suppressed,Building subgroup chronic absence; moderate + severe chronic categories.
Burton Elementary,3.1,2024,Gender,Female,189,45,23.8%,24-25 Attendance Comparison.xlsx — 2023-24 student-level attendance extract,Validated — aggregated from source; n<10 suppressed,Building subgroup chronic absence; moderate + severe chronic categories.
Harrison Park,3.1,2024,Special Education,Special Education,110,68,61.8%,24-25 Attendance Comparison.xlsx — 2023-24 student-level attendance extract,Validated — aggregated from source; n<10 suppressed,Building subgroup chronic absence; moderate + severe chronic categories.
Mulick Park,3.1,2024,Race,African American,199,83,41.7%,24-25 Attendance Comparison.xlsx — 2023-24 student-level attendance extract,Validated — aggregated from source; n<10 suppressed,Building subgroup chronic absence; moderate + severe chronic categories.
Harrison Park,3.1,2024,Race,African American,163,98,60.1%,24-25 Attendance Comparison.xlsx — 2023-24 student-level attendance extract,Validated — aggregated from source; n<10 suppressed,Building subgroup chronic absence; moderate + severe chronic categories.
Southwest Community Campus Elementary,3.1,2024,FRL,FRL Eligible,291,80,27.5%,24-25 Attendance Comparison.xlsx — 2023-24 student-level attendance extract,Validated — aggregated from source; n<10 suppressed,Building subgroup chronic absence; moderate + severe chronic categories.
CA Frost Environmental Elementary,3.1,2024,Race,Hispanic,70,13,18.6%,24-25 Attendance Comparison.xlsx — 2023-24 student-level attendance extract,Validated — aggregated from source; n<10 suppressed,Building subgroup chronic absence; moderate + severe chronic categories.
CA Frost Environmental Elementary,3.1,2024,FRL,FRL Eligible,183,42,23.0%,24-25 Attendance Comparison.xlsx — 2023-24 student-level attendance extract,Validated — aggregated from source; n<10 suppressed,Building subgroup chronic absence; moderate + severe chronic categories.
Sibley,3.1,2024,Special Education,Special Education,89,48,53.9%,24-25 Attendance Comparison.xlsx — 2023-24 student-level attendance extract,Validated — aggregated from source; n<10 suppressed,Building subgroup chronic absence; moderate + severe chronic categories.
Burton Elementary,3.1,2024,FRL,Not FRL Eligible,164,29,17.7%,24-25 Attendance Comparison.xlsx — 2023-24 student-level attendance extract,Validated — aggregated from source; n<10 suppressed,Building subgroup chronic absence; moderate + severe chronic categories.
Mulick Park,3.1,2024,English Learner,English Learner,28,9,32.1%,24-25 Attendance Comparison.xlsx — 2023-24 student-level attendance extract,Validated — aggregated from source; n<10 suppressed,Building subgroup chronic absence; moderate + severe chronic categories.
Sherwood Global Studies,3.1,2024,Gender,Female,80,17,21.2%,24-25 Attendance Comparison.xlsx — 2023-24 student-level attendance extract,Validated — aggregated from source; n<10 suppressed,Building subgroup chronic absence; moderate + severe chronic categories.
Sherwood Global Studies,3.1,2024,Race,Hispanic,26,3,11.5%,24-25 Attendance Comparison.xlsx — 2023-24 student-level attendance extract,Validated — aggregated from source; n<10 suppressed,Building subgroup chronic absence; moderate + severe chronic categories.
Sherwood Global Studies,3.1,2024,FRL,Not FRL Eligible,49,5,10.2%,24-25 Attendance Comparison.xlsx — 2023-24 student-level attendance extract,Validated — aggregated from source; n<10 suppressed,Building subgroup chronic absence; moderate + severe chronic categories.
Sherwood Global Studies,3.1,2024,English Learner,Not English Learner,114,34,29.8%,24-25 Attendance Comparison.xlsx — 2023-24 student-level attendance extract,Validated — aggregated from source; n<10 suppressed,Building subgroup chronic absence; moderate + severe chronic categories.
Sherwood Global Studies,3.1,2024,Special Education,Not Special Education,119,29,24.4%,24-25 Attendance Comparison.xlsx — 2023-24 student-level attendance extract,Validated — aggregated from source; n<10 suppressed,Building subgroup chronic absence; moderate + severe chronic categories.
Congress,3.1,2024,Gender,Female,111,36,32.4%,24-25 Attendance Comparison.xlsx — 2023-24 student-level attendance extract,Validated — aggregated from source; n<10 suppressed,Building subgroup chronic absence; moderate + severe chronic categories.
Harrison Park,3.1,2024,Race,White,81,47,58.0%,24-25 Attendance Comparison.xlsx — 2023-24 student-level attendance extract,Validated — aggregated from source; n<10 suppressed,Building subgroup chronic absence; moderate + severe chronic categories.
Gerald R. Ford Academic Center,3.1,2024,FRL,Not FRL Eligible,70,9,12.9%,24-25 Attendance Comparison.xlsx — 2023-24 student-level attendance extract,Validated — aggregated from source; n<10 suppressed,Building subgroup chronic absence; moderate + severe chronic categories.
Harrison Park,3.1,2024,Race,Asian,10,9,90.0%,24-25 Attendance Comparison.xlsx — 2023-24 student-level attendance extract,Validated — aggregated from source; n<10 suppressed,Building subgroup chronic absence; moderate + severe chronic categories.
Coit Creative Arts,3.1,2024,Gender,Female,121,38,31.4%,24-25 Attendance Comparison.xlsx — 2023-24 student-level attendance extract,Validated — aggregated from source; n<10 suppressed,Building subgroup chronic absence; moderate + severe chronic categories.
Ken-o-Sha Park,3.1,2024,Race,Two or More,12,7,58.3%,24-25 Attendance Comparison.xlsx — 2023-24 student-level attendance extract,Validated — aggregated from source; n<10 suppressed,Building subgroup chronic absence; moderate + severe chronic categories.
Ken-o-Sha Park,3.1,2024,Special Education,Special Education,21,10,47.6%,24-25 Attendance Comparison.xlsx — 2023-24 student-level attendance extract,Validated — aggregated from source; n<10 suppressed,Building subgroup chronic absence; moderate + severe chronic categories.
Congress,3.1,2024,Race,White,74,6,8.1%,24-25 Attendance Comparison.xlsx — 2023-24 student-level attendance extract,Validated — aggregated from source; n<10 suppressed,Building subgroup chronic absence; moderate + severe chronic categories.
Congress,3.1,2024,FRL,Not FRL Eligible,98,13,13.3%,24-25 Attendance Comparison.xlsx — 2023-24 student-level attendance extract,Validated — aggregated from source; n<10 suppressed,Building subgroup chronic absence; moderate + severe chronic categories.
Mulick Park,3.1,2024,Special Education,Special Education,55,29,52.7%,24-25 Attendance Comparison.xlsx — 2023-24 student-level attendance extract,Validated — aggregated from source; n<10 suppressed,Building subgroup chronic absence; moderate + severe chronic categories.
Cesar E. Chavez,3.1,2024,Special Education,Special Education,67,24,35.8%,24-25 Attendance Comparison.xlsx — 2023-24 student-level attendance extract,Validated — aggregated from source; n<10 suppressed,Building subgroup chronic absence; moderate + severe chronic categories.
Ken-o-Sha Park,3.1,2024,FRL,Not FRL Eligible,30,6,20.0%,24-25 Attendance Comparison.xlsx — 2023-24 student-level attendance extract,Validated — aggregated from source; n<10 suppressed,Building subgroup chronic absence; moderate + severe chronic categories.
Gerald R. Ford Academic Center,3.1,2024,English Learner,English Learner,55,9,16.4%,24-25 Attendance Comparison.xlsx — 2023-24 student-level attendance extract,Validated — aggregated from source; n<10 suppressed,Building subgroup chronic absence; moderate + severe chronic categories.
CA Frost Environmental Elementary,3.1,2024,Race,Two or More,44,10,22.7%,24-25 Attendance Comparison.xlsx — 2023-24 student-level attendance extract,Validated — aggregated from source; n<10 suppressed,Building subgroup chronic absence; moderate + severe chronic categories.
Kent Hills,3.1,2024,Race,African American,119,73,61.3%,24-25 Attendance Comparison.xlsx — 2023-24 student-level attendance extract,Validated — aggregated from source; n<10 suppressed,Building subgroup chronic absence; moderate + severe chronic categories.
North Park Montessori,3.1,2024,Gender,Female,146,18,12.3%,24-25 Attendance Comparison.xlsx — 2023-24 student-level attendance extract,Validated — aggregated from source; n<10 suppressed,Building subgroup chronic absence; moderate + severe chronic categories.
North Park Montessori,3.1,2024,FRL,Not FRL Eligible,244,18,7.4%,24-25 Attendance Comparison.xlsx — 2023-24 student-level attendance extract,Validated — aggregated from source; n<10 suppressed,Building subgroup chronic absence; moderate + severe chronic categories.
North Park Montessori,3.1,2024,Special Education,Not Special Education,312,41,13.1%,24-25 Attendance Comparison.xlsx — 2023-24 student-level attendance extract,Validated — aggregated from source; n<10 suppressed,Building subgroup chronic absence; moderate + severe chronic categories.
Mulick Park,3.1,2024,Race,Two or More,16,9,56.2%,24-25 Attendance Comparison.xlsx — 2023-24 student-level attendance extract,Validated — aggregated from source; n<10 suppressed,Building subgroup chronic absence; moderate + severe chronic categories.
North Park Montessori,3.1,2024,Race,African American,27,8,29.6%,24-25 Attendance Comparison.xlsx — 2023-24 student-level attendance extract,Validated — aggregated from source; n<10 suppressed,Building subgroup chronic absence; moderate + severe chronic categories.
Aberdeen Academy,3.1,2024,Race,Two or More,19,7,36.8%,24-25 Attendance Comparison.xlsx — 2023-24 student-level attendance extract,Validated — aggregated from source; n<10 suppressed,Building subgroup chronic absence; moderate + severe chronic categories.
Grand Rapids Montessori Elementary/Middle,3.1,2024,Race,African American,35,9,25.7%,24-25 Attendance Comparison.xlsx — 2023-24 student-level attendance extract,Validated — aggregated from source; n<10 suppressed,Building subgroup chronic absence; moderate + severe chronic categories.
North Park Montessori,3.1,2024,Race,Two or More,39,9,23.1%,24-25 Attendance Comparison.xlsx — 2023-24 student-level attendance extract,Validated — aggregated from source; n<10 suppressed,Building subgroup chronic absence; moderate + severe chronic categories.
John Ball Park Zoo,3.1,2024,Gender,Male,18,0,0.0%,24-25 Attendance Comparison.xlsx — 2023-24 student-level attendance extract,Validated — aggregated from source; n<10 suppressed,Building subgroup chronic absence; moderate + severe chronic categories.
John Ball Park Zoo,3.1,2024,Race,White,41,1,2.4%,24-25 Attendance Comparison.xlsx — 2023-24 student-level attendance extract,Validated — aggregated from source; n<10 suppressed,Building subgroup chronic absence; moderate + severe chronic categories.
John Ball Park Zoo,3.1,2024,FRL,FRL Eligible,18,1,5.6%,24-25 Attendance Comparison.xlsx — 2023-24 student-level attendance extract,Validated — aggregated from source; n<10 suppressed,Building subgroup chronic absence; moderate + severe chronic categories.
John Ball Park Zoo,3.1,2024,English Learner,Not English Learner,55,3,5.5%,24-25 Attendance Comparison.xlsx — 2023-24 student-level attendance extract,Validated — aggregated from source; n<10 suppressed,Building subgroup chronic absence; moderate + severe chronic categories.
John Ball Park Zoo,3.1,2024,Special Education,Not Special Education,54,3,5.6%,24-25 Attendance Comparison.xlsx — 2023-24 student-level attendance extract,Validated — aggregated from source; n<10 suppressed,Building subgroup chronic absence; moderate + severe chronic categories.
Sherwood Global Studies,3.1,2024,Gender,Male,57,20,35.1%,24-25 Attendance Comparison.xlsx — 2023-24 student-level attendance extract,Validated — aggregated from source; n<10 suppressed,Building subgroup chronic absence; moderate + severe chronic categories.
Gerald R. Ford Academic Center,3.1,2024,Special Education,Special Education,33,8,24.2%,24-25 Attendance Comparison.xlsx — 2023-24 student-level attendance extract,Validated — aggregated from source; n<10 suppressed,Building subgroup chronic absence; moderate + severe chronic categories.
Burton Elementary,3.1,2024,Race,African American,42,16,38.1%,24-25 Attendance Comparison.xlsx — 2023-24 student-level attendance extract,Validated — aggregated from source; n<10 suppressed,Building subgroup chronic absence; moderate + severe chronic categories.
Center for Economicology,3.1,2024,Gender,Male,32,4,12.5%,24-25 Attendance Comparison.xlsx — 2023-24 student-level attendance extract,Validated — aggregated from source; n<10 suppressed,Building subgroup chronic absence; moderate + severe chronic categories.
Center for Economicology,3.1,2024,Race,Hispanic,19,2,10.5%,24-25 Attendance Comparison.xlsx — 2023-24 student-level attendance extract,Validated — aggregated from source; n<10 suppressed,Building subgroup chronic absence; moderate + severe chronic categories.
Center for Economicology,3.1,2024,FRL,FRL Eligible,17,2,11.8%,24-25 Attendance Comparison.xlsx — 2023-24 student-level attendance extract,Validated — aggregated from source; n<10 suppressed,Building subgroup chronic absence; moderate + severe chronic categories.
Center for Economicology,3.1,2024,English Learner,Not English Learner,56,4,7.1%,24-25 Attendance Comparison.xlsx — 2023-24 student-level attendance extract,Validated — aggregated from source; n<10 suppressed,Building subgroup chronic absence; moderate + severe chronic categories.
Sherwood Global Studies,3.1,2024,English Learner,English Learner,23,3,13.0%,24-25 Attendance Comparison.xlsx — 2023-24 student-level attendance extract,Validated — aggregated from source; n<10 suppressed,Building subgroup chronic absence; moderate + severe chronic categories.
Kent Hills,3.1,2024,Race,White,31,12,38.7%,24-25 Attendance Comparison.xlsx — 2023-24 student-level attendance extract,Validated — aggregated from source; n<10 suppressed,Building subgroup chronic absence; moderate + severe chronic categories.
Kent Hills,3.1,2024,Special Education,Special Education,56,37,66.1%,24-25 Attendance Comparison.xlsx — 2023-24 student-level attendance extract,Validated — aggregated from source; n<10 suppressed,Building subgroup chronic absence; moderate + severe chronic categories.
Brookside,3.1,2024,English Learner,English Learner,68,12,17.6%,24-25 Attendance Comparison.xlsx — 2023-24 student-level attendance extract,Validated — aggregated from source; n<10 suppressed,Building subgroup chronic absence; moderate + severe chronic categories.
Coit Creative Arts,3.1,2024,Race,White,84,13,15.5%,24-25 Attendance Comparison.xlsx — 2023-24 student-level attendance extract,Validated — aggregated from source; n<10 suppressed,Building subgroup chronic absence; moderate + severe chronic categories.
Aberdeen Academy,3.1,2024,Race,Hispanic,46,13,28.3%,24-25 Attendance Comparison.xlsx — 2023-24 student-level attendance extract,Validated — aggregated from source; n<10 suppressed,Building subgroup chronic absence; moderate + severe chronic categories.
Aberdeen Academy,3.1,2024,English Learner,English Learner,22,7,31.8%,24-25 Attendance Comparison.xlsx — 2023-24 student-level attendance extract,Validated — aggregated from source; n<10 suppressed,Building subgroup chronic absence; moderate + severe chronic categories.
Center for Economicology,3.1,2024,Race,White,35,2,5.7%,24-25 Attendance Comparison.xlsx — 2023-24 student-level attendance extract,Validated — aggregated from source; n<10 suppressed,Building subgroup chronic absence; moderate + severe chronic categories.
Center for Economicology,3.1,2024,FRL,Not FRL Eligible,42,2,4.8%,24-25 Attendance Comparison.xlsx — 2023-24 student-level attendance extract,Validated — aggregated from source; n<10 suppressed,Building subgroup chronic absence; moderate + severe chronic categories.
Center for Economicology,3.1,2024,Special Education,Not Special Education,57,4,7.0%,24-25 Attendance Comparison.xlsx — 2023-24 student-level attendance extract,Validated — aggregated from source; n<10 suppressed,Building subgroup chronic absence; moderate + severe chronic categories.
Aberdeen Academy,3.1,2024,Race,African American,65,23,35.4%,24-25 Attendance Comparison.xlsx — 2023-24 student-level attendance extract,Validated — aggregated from source; n<10 suppressed,Building subgroup chronic absence; moderate + severe chronic categories.
Congress,3.1,2024,Race,African American,61,31,50.8%,24-25 Attendance Comparison.xlsx — 2023-24 student-level attendance extract,Validated — aggregated from source; n<10 suppressed,Building subgroup chronic absence; moderate + severe chronic categories.
Ridgemoor Park Montessori,3.1,2024,Race,Two or More,15,6,40.0%,24-25 Attendance Comparison.xlsx — 2023-24 student-level attendance extract,Validated — aggregated from source; n<10 suppressed,Building subgroup chronic absence; moderate + severe chronic categories.
Ridgemoor Park Montessori,3.1,2024,FRL,FRL Eligible,50,18,36.0%,24-25 Attendance Comparison.xlsx — 2023-24 student-level attendance extract,Validated — aggregated from source; n<10 suppressed,Building subgroup chronic absence; moderate + severe chronic categories.
Ken-o-Sha Park,3.1,2024,Race,Hispanic,27,9,33.3%,24-25 Attendance Comparison.xlsx — 2023-24 student-level attendance extract,Validated — aggregated from source; n<10 suppressed,Building subgroup chronic absence; moderate + severe chronic categories.
Kent Hills,3.1,2024,Gender,Male,102,63,61.8%,24-25 Attendance Comparison.xlsx — 2023-24 student-level attendance extract,Validated — aggregated from source; n<10 suppressed,Building subgroup chronic absence; moderate + severe chronic categories.
Kent Hills,3.1,2024,Race,Two or More,26,17,65.4%,24-25 Attendance Comparison.xlsx — 2023-24 student-level attendance extract,Validated — aggregated from source; n<10 suppressed,Building subgroup chronic absence; moderate + severe chronic categories.
Kent Hills,3.1,2024,FRL,Not FRL Eligible,47,16,34.0%,24-25 Attendance Comparison.xlsx — 2023-24 student-level attendance extract,Validated — aggregated from source; n<10 suppressed,Building subgroup chronic absence; moderate + severe chronic categories.
Congress,3.1,2024,English Learner,English Learner,39,12,30.8%,24-25 Attendance Comparison.xlsx — 2023-24 student-level attendance extract,Validated — aggregated from source; n<10 suppressed,Building subgroup chronic absence; moderate + severe chronic categories.
Shawmut Hills,3.1,2024,Race,Two or More,30,14,46.7%,24-25 Attendance Comparison.xlsx — 2023-24 student-level attendance extract,Validated — aggregated from source; n<10 suppressed,Building subgroup chronic absence; moderate + severe chronic categories.
Sherwood Global Studies,3.1,2024,Race,African American,82,27,32.9%,24-25 Attendance Comparison.xlsx — 2023-24 student-level attendance extract,Validated — aggregated from source; n<10 suppressed,Building subgroup chronic absence; moderate + severe chronic categories.
Sherwood Global Studies,3.1,2024,FRL,FRL Eligible,88,32,36.4%,24-25 Attendance Comparison.xlsx — 2023-24 student-level attendance extract,Validated — aggregated from source; n<10 suppressed,Building subgroup chronic absence; moderate + severe chronic categories.
Brookside,3.1,2024,Race,Hispanic,59,18,30.5%,24-25 Attendance Comparison.xlsx — 2023-24 student-level attendance extract,Validated — aggregated from source; n<10 suppressed,Building subgroup chronic absence; moderate + severe chronic categories.
Palmer,3.1,2024,Race,Hispanic,53,16,30.2%,24-25 Attendance Comparison.xlsx — 2023-24 student-level attendance extract,Validated — aggregated from source; n<10 suppressed,Building subgroup chronic absence; moderate + severe chronic categories.
Ken-o-Sha Park,3.1,2024,English Learner,English Learner,48,6,12.5%,24-25 Attendance Comparison.xlsx — 2023-24 student-level attendance extract,Validated — aggregated from source; n<10 suppressed,Building subgroup chronic absence; moderate + severe chronic categories.
John Ball Park Zoo,3.1,2024,Gender,Female,37,3,8.1%,24-25 Attendance Comparison.xlsx — 2023-24 student-level attendance extract,Validated — aggregated from source; n<10 suppressed,Building subgroup chronic absence; moderate + severe chronic categories.
John Ball Park Zoo,3.1,2024,FRL,Not FRL Eligible,37,2,5.4%,24-25 Attendance Comparison.xlsx — 2023-24 student-level attendance extract,Validated — aggregated from source; n<10 suppressed,Building subgroup chronic absence; moderate + severe chronic categories.
Center for Economicology,3.1,2024,Gender,Female,27,0,0.0%,24-25 Attendance Comparison.xlsx — 2023-24 student-level attendance extract,Validated — aggregated from source; n<10 suppressed,Building subgroup chronic absence; moderate + severe chronic categories.
CA Frost Environmental Elementary,3.1,2024,Race,African American,49,12,24.5%,24-25 Attendance Comparison.xlsx — 2023-24 student-level attendance extract,Validated — aggregated from source; n<10 suppressed,Building subgroup chronic absence; moderate + severe chronic categories.
Coit Creative Arts,3.1,2024,Race,Hispanic,49,20,40.8%,24-25 Attendance Comparison.xlsx — 2023-24 student-level attendance extract,Validated — aggregated from source; n<10 suppressed,Building subgroup chronic absence; moderate + severe chronic categories.
Coit Creative Arts,3.1,2024,Special Education,Not Special Education,190,57,30.0%,24-25 Attendance Comparison.xlsx — 2023-24 student-level attendance extract,Validated — aggregated from source; n<10 suppressed,Building subgroup chronic absence; moderate + severe chronic categories.
Congress,3.1,2024,Special Education,Special Education,29,15,51.7%,24-25 Attendance Comparison.xlsx — 2023-24 student-level attendance extract,Validated — aggregated from source; n<10 suppressed,Building subgroup chronic absence; moderate + severe chronic categories.
Southwest Community Campus Elementary,3.1,2024,Race,Two or More,15,3,20.0%,24-25 Attendance Comparison.xlsx — 2023-24 student-level attendance extract,Validated — aggregated from source; n<10 suppressed,Building subgroup chronic absence; moderate + severe chronic categories.
Brookside,3.1,2024,Special Education,Special Education,24,9,37.5%,24-25 Attendance Comparison.xlsx — 2023-24 student-level attendance extract,Validated — aggregated from source; n<10 suppressed,Building subgroup chronic absence; moderate + severe chronic categories.
Ken-o-Sha Park,3.1,2024,Race,White,13,4,30.8%,24-25 Attendance Comparison.xlsx — 2023-24 student-level attendance extract,Validated — aggregated from source; n<10 suppressed,Building subgroup chronic absence; moderate + severe chronic categories.
Dickinson,3.1,2024,FRL,Not FRL Eligible,56,19,33.9%,24-25 Attendance Comparison.xlsx — 2023-24 student-level attendance extract,Validated — aggregated from source; n<10 suppressed,Building subgroup chronic absence; moderate + severe chronic categories.
Dickinson,3.1,2024,English Learner,English Learner,94,31,33.0%,24-25 Attendance Comparison.xlsx — 2023-24 student-level attendance extract,Validated — aggregated from source; n<10 suppressed,Building subgroup chronic absence; moderate + severe chronic categories.
Southwest Community Campus Elementary,3.1,2024,Race,African American,41,11,26.8%,24-25 Attendance Comparison.xlsx — 2023-24 student-level attendance extract,Validated — aggregated from source; n<10 suppressed,Building subgroup chronic absence; moderate + severe chronic categories.
Coit Creative Arts,3.1,2024,FRL,Not FRL Eligible,84,15,17.9%,24-25 Attendance Comparison.xlsx — 2023-24 student-level attendance extract,Validated — aggregated from source; n<10 suppressed,Building subgroup chronic absence; moderate + severe chronic categories.
Coit Creative Arts,3.1,2024,English Learner,English Learner,17,6,35.3%,24-25 Attendance Comparison.xlsx — 2023-24 student-level attendance extract,Validated — aggregated from source; n<10 suppressed,Building subgroup chronic absence; moderate + severe chronic categories.
Blandford School,3.1,2024,Gender,Male,35,3,8.6%,24-25 Attendance Comparison.xlsx — 2023-24 student-level attendance extract,Validated — aggregated from source; n<10 suppressed,Building subgroup chronic absence; moderate + severe chronic categories.
Brookside,3.1,2024,Race,Two or More,27,8,29.6%,24-25 Attendance Comparison.xlsx — 2023-24 student-level attendance extract,Validated — aggregated from source; n<10 suppressed,Building subgroup chronic absence; moderate + severe chronic categories.
Martin Luther King Jr.,3.1,2024,Race,Two or More,10,7,70.0%,24-25 Attendance Comparison.xlsx — 2023-24 student-level attendance extract,Validated — aggregated from source; n<10 suppressed,Building subgroup chronic absence; moderate + severe chronic categories.
Dickinson,3.1,2024,Race,White,13,9,69.2%,24-25 Attendance Comparison.xlsx — 2023-24 student-level attendance extract,Validated — aggregated from source; n<10 suppressed,Building subgroup chronic absence; moderate + severe chronic categories.
Ridgemoor Park Montessori,3.1,2024,Race,Hispanic,14,4,28.6%,24-25 Attendance Comparison.xlsx — 2023-24 student-level attendance extract,Validated — aggregated from source; n<10 suppressed,Building subgroup chronic absence; moderate + severe chronic categories.
Ridgemoor Park Montessori,3.1,2024,Special Education,Special Education,21,6,28.6%,24-25 Attendance Comparison.xlsx — 2023-24 student-level attendance extract,Validated — aggregated from source; n<10 suppressed,Building subgroup chronic absence; moderate + severe chronic categories.
CA Frost Environmental Elementary,3.1,2024,English Learner,English Learner,12,3,25.0%,24-25 Attendance Comparison.xlsx — 2023-24 student-level attendance extract,Validated — aggregated from source; n<10 suppressed,Building subgroup chronic absence; moderate + severe chronic categories.
Kent Hills,3.1,2024,English Learner,English Learner,26,5,19.2%,24-25 Attendance Comparison.xlsx — 2023-24 student-level attendance extract,Validated — aggregated from source; n<10 suppressed,Building subgroup chronic absence; moderate + severe chronic categories.
Coit Creative Arts,3.1,2024,Race,Two or More,34,14,41.2%,24-25 Attendance Comparison.xlsx — 2023-24 student-level attendance extract,Validated — aggregated from source; n<10 suppressed,Building subgroup chronic absence; moderate + severe chronic categories.
Sherwood Global Studies,3.1,2024,Special Education,Special Education,18,8,44.4%,24-25 Attendance Comparison.xlsx — 2023-24 student-level attendance extract,Validated — aggregated from source; n<10 suppressed,Building subgroup chronic absence; moderate + severe chronic categories.
Sherwood Global Studies,3.1,2024,Race,Two or More,11,5,45.5%,24-25 Attendance Comparison.xlsx — 2023-24 student-level attendance extract,Validated — aggregated from source; n<10 suppressed,Building subgroup chronic absence; moderate + severe chronic categories.
Sherwood Global Studies,3.1,2024,Race,White,10,2,20.0%,24-25 Attendance Comparison.xlsx — 2023-24 student-level attendance extract,Validated — aggregated from source; n<10 suppressed,Building subgroup chronic absence; moderate + severe chronic categories.
Martin Luther King Jr.,3.1,2024,Race,White,20,6,30.0%,24-25 Attendance Comparison.xlsx — 2023-24 student-level attendance extract,Validated — aggregated from source; n<10 suppressed,Building subgroup chronic absence; moderate + severe chronic categories.
Cesar E. Chavez,3.1,2024,Race,Two or More,12,10,83.3%,24-25 Attendance Comparison.xlsx — 2023-24 student-level attendance extract,Validated — aggregated from source; n<10 suppressed,Building subgroup chronic absence; moderate + severe chronic categories.
North Park Montessori,3.1,2024,Race,Hispanic,37,9,24.3%,24-25 Attendance Comparison.xlsx — 2023-24 student-level attendance extract,Validated — aggregated from source; n<10 suppressed,Building subgroup chronic absence; moderate + severe chronic categories.
Blandford School,3.1,2024,FRL,FRL Eligible,10,2,20.0%,24-25 Attendance Comparison.xlsx — 2023-24 student-level attendance extract,Validated — aggregated from source; n<10 suppressed,Building subgroup chronic absence; moderate + severe chronic categories.
Grand Rapids Montessori Elementary/Middle,3.1,2024,Race,Two or More,26,7,26.9%,24-25 Attendance Comparison.xlsx — 2023-24 student-level attendance extract,Validated — aggregated from source; n<10 suppressed,Building subgroup chronic absence; moderate + severe chronic categories.
Congress,3.1,2024,Race,Two or More,16,7,43.8%,24-25 Attendance Comparison.xlsx — 2023-24 student-level attendance extract,Validated — aggregated from source; n<10 suppressed,Building subgroup chronic absence; moderate + severe chronic categories.
Burton Elementary,3.1,2024,Race,White,11,3,27.3%,24-25 Attendance Comparison.xlsx — 2023-24 student-level attendance extract,Validated — aggregated from source; n<10 suppressed,Building subgroup chronic absence; moderate + severe chronic categories.
Ottawa Hills High,3.1,2024,Gender,Female,173,143,82.7%,24-25 Attendance Comparison.xlsx — 2023-24 student-level attendance extract,Validated — aggregated from source; n<10 suppressed,Building subgroup chronic absence; moderate + severe chronic categories.
Ottawa Hills High,3.1,2024,Race,African American,267,224,83.9%,24-25 Attendance Comparison.xlsx — 2023-24 student-level attendance extract,Validated — aggregated from source; n<10 suppressed,Building subgroup chronic absence; moderate + severe chronic categories.
Ottawa Hills High,3.1,2024,FRL,Not FRL Eligible,96,68,70.8%,24-25 Attendance Comparison.xlsx — 2023-24 student-level attendance extract,Validated — aggregated from source; n<10 suppressed,Building subgroup chronic absence; moderate + severe chronic categories.
Ottawa Hills High,3.1,2024,English Learner,Not English Learner,325,265,81.5%,24-25 Attendance Comparison.xlsx — 2023-24 student-level attendance extract,Validated — aggregated from source; n<10 suppressed,Building subgroup chronic absence; moderate + severe chronic categories.
Ottawa Hills High,3.1,2024,Special Education,Not Special Education,308,252,81.8%,24-25 Attendance Comparison.xlsx — 2023-24 student-level attendance extract,Validated — aggregated from source; n<10 suppressed,Building subgroup chronic absence; moderate + severe chronic categories.
City Middle/High,3.1,2024,Gender,Female,509,154,30.3%,24-25 Attendance Comparison.xlsx — 2023-24 student-level attendance extract,Validated — aggregated from source; n<10 suppressed,Building subgroup chronic absence; moderate + severe chronic categories.
City Middle/High,3.1,2024,Race,Hispanic,189,47,24.9%,24-25 Attendance Comparison.xlsx — 2023-24 student-level attendance extract,Validated — aggregated from source; n<10 suppressed,Building subgroup chronic absence; moderate + severe chronic categories.
City Middle/High,3.1,2024,FRL,FRL Eligible,209,71,34.0%,24-25 Attendance Comparison.xlsx — 2023-24 student-level attendance extract,Validated — aggregated from source; n<10 suppressed,Building subgroup chronic absence; moderate + severe chronic categories.
City Middle/High,3.1,2024,English Learner,Not English Learner,872,218,25.0%,24-25 Attendance Comparison.xlsx — 2023-24 student-level attendance extract,Validated — aggregated from source; n<10 suppressed,Building subgroup chronic absence; moderate + severe chronic categories.
City Middle/High,3.1,2024,Special Education,Not Special Education,893,218,24.4%,24-25 Attendance Comparison.xlsx — 2023-24 student-level attendance extract,Validated — aggregated from source; n<10 suppressed,Building subgroup chronic absence; moderate + severe chronic categories.
Westwood,3.1,2024,Gender,Male,113,81,71.7%,24-25 Attendance Comparison.xlsx — 2023-24 student-level attendance extract,Validated — aggregated from source; n<10 suppressed,Building subgroup chronic absence; moderate + severe chronic categories.
Westwood,3.1,2024,Race,Hispanic,76,38,50.0%,24-25 Attendance Comparison.xlsx — 2023-24 student-level attendance extract,Validated — aggregated from source; n<10 suppressed,Building subgroup chronic absence; moderate + severe chronic categories.
Westwood,3.1,2024,FRL,FRL Eligible,148,110,74.3%,24-25 Attendance Comparison.xlsx — 2023-24 student-level attendance extract,Validated — aggregated from source; n<10 suppressed,Building subgroup chronic absence; moderate + severe chronic categories.
Westwood,3.1,2024,English Learner,English Learner,62,30,48.4%,24-25 Attendance Comparison.xlsx — 2023-24 student-level attendance extract,Validated — aggregated from source; n<10 suppressed,Building subgroup chronic absence; moderate + severe chronic categories.
Westwood,3.1,2024,Special Education,Not Special Education,151,101,66.9%,24-25 Attendance Comparison.xlsx — 2023-24 student-level attendance extract,Validated — aggregated from source; n<10 suppressed,Building subgroup chronic absence; moderate + severe chronic categories.
University Preparatory Academy,3.1,2024,Gender,Female,235,112,47.7%,24-25 Attendance Comparison.xlsx — 2023-24 student-level attendance extract,Validated — aggregated from source; n<10 suppressed,Building subgroup chronic absence; moderate + severe chronic categories.
University Preparatory Academy,3.1,2024,Race,African American,212,110,51.9%,24-25 Attendance Comparison.xlsx — 2023-24 student-level attendance extract,Validated — aggregated from source; n<10 suppressed,Building subgroup chronic absence; moderate + severe chronic categories.
University Preparatory Academy,3.1,2024,FRL,Not FRL Eligible,180,56,31.1%,24-25 Attendance Comparison.xlsx — 2023-24 student-level attendance extract,Validated — aggregated from source; n<10 suppressed,Building subgroup chronic absence; moderate + severe chronic categories.
University Preparatory Academy,3.1,2024,English Learner,Not English Learner,354,164,46.3%,24-25 Attendance Comparison.xlsx — 2023-24 student-level attendance extract,Validated — aggregated from source; n<10 suppressed,Building subgroup chronic absence; moderate + severe chronic categories.
University Preparatory Academy,3.1,2024,Special Education,Not Special Education,427,176,41.2%,24-25 Attendance Comparison.xlsx — 2023-24 student-level attendance extract,Validated — aggregated from source; n<10 suppressed,Building subgroup chronic absence; moderate + severe chronic categories.
Union High,3.1,2024,Gender,Male,452,336,74.3%,24-25 Attendance Comparison.xlsx — 2023-24 student-level attendance extract,Validated — aggregated from source; n<10 suppressed,Building subgroup chronic absence; moderate + severe chronic categories.
Union High,3.1,2024,Race,Hispanic,444,314,70.7%,24-25 Attendance Comparison.xlsx — 2023-24 student-level attendance extract,Validated — aggregated from source; n<10 suppressed,Building subgroup chronic absence; moderate + severe chronic categories.
Union High,3.1,2024,FRL,FRL Eligible,574,445,77.5%,24-25 Attendance Comparison.xlsx — 2023-24 student-level attendance extract,Validated — aggregated from source; n<10 suppressed,Building subgroup chronic absence; moderate + severe chronic categories.
Union High,3.1,2024,English Learner,Not English Learner,522,401,76.8%,24-25 Attendance Comparison.xlsx — 2023-24 student-level attendance extract,Validated — aggregated from source; n<10 suppressed,Building subgroup chronic absence; moderate + severe chronic categories.
Union High,3.1,2024,Special Education,Not Special Education,792,571,72.1%,24-25 Attendance Comparison.xlsx — 2023-24 student-level attendance extract,Validated — aggregated from source; n<10 suppressed,Building subgroup chronic absence; moderate + severe chronic categories.
Westwood,3.1,2024,Race,African American,87,74,85.1%,24-25 Attendance Comparison.xlsx — 2023-24 student-level attendance extract,Validated — aggregated from source; n<10 suppressed,Building subgroup chronic absence; moderate + severe chronic categories.
Westwood,3.1,2024,English Learner,Not English Learner,144,111,77.1%,24-25 Attendance Comparison.xlsx — 2023-24 student-level attendance extract,Validated — aggregated from source; n<10 suppressed,Building subgroup chronic absence; moderate + severe chronic categories.
University Preparatory Academy,3.1,2024,Gender,Male,227,81,35.7%,24-25 Attendance Comparison.xlsx — 2023-24 student-level attendance extract,Validated — aggregated from source; n<10 suppressed,Building subgroup chronic absence; moderate + severe chronic categories.
University Preparatory Academy,3.1,2024,Race,Two or More,23,9,39.1%,24-25 Attendance Comparison.xlsx — 2023-24 student-level attendance extract,Validated — aggregated from source; n<10 suppressed,Building subgroup chronic absence; moderate + severe chronic categories.
University Preparatory Academy,3.1,2024,FRL,FRL Eligible,283,137,48.4%,24-25 Attendance Comparison.xlsx — 2023-24 student-level attendance extract,Validated — aggregated from source; n<10 suppressed,Building subgroup chronic absence; moderate + severe chronic categories.
Public Museum High,3.1,2024,Gender,Female,133,64,48.1%,24-25 Attendance Comparison.xlsx — 2023-24 student-level attendance extract,Validated — aggregated from source; n<10 suppressed,Building subgroup chronic absence; moderate + severe chronic categories.
Public Museum High,3.1,2024,Race,White,126,44,34.9%,24-25 Attendance Comparison.xlsx — 2023-24 student-level attendance extract,Validated — aggregated from source; n<10 suppressed,Building subgroup chronic absence; moderate + severe chronic categories.
Public Museum High,3.1,2024,FRL,Not FRL Eligible,172,69,40.1%,24-25 Attendance Comparison.xlsx — 2023-24 student-level attendance extract,Validated — aggregated from source; n<10 suppressed,Building subgroup chronic absence; moderate + severe chronic categories.
Public Museum High,3.1,2024,English Learner,Not English Learner,247,116,47.0%,24-25 Attendance Comparison.xlsx — 2023-24 student-level attendance extract,Validated — aggregated from source; n<10 suppressed,Building subgroup chronic absence; moderate + severe chronic categories.
Public Museum High,3.1,2024,Special Education,Not Special Education,255,113,44.3%,24-25 Attendance Comparison.xlsx — 2023-24 student-level attendance extract,Validated — aggregated from source; n<10 suppressed,Building subgroup chronic absence; moderate + severe chronic categories.
Southwest Community Campus Middle/High,3.1,2024,Gender,Male,177,53,29.9%,24-25 Attendance Comparison.xlsx — 2023-24 student-level attendance extract,Validated — aggregated from source; n<10 suppressed,Building subgroup chronic absence; moderate + severe chronic categories.
Southwest Community Campus Middle/High,3.1,2024,Race,Hispanic,344,119,34.6%,24-25 Attendance Comparison.xlsx — 2023-24 student-level attendance extract,Validated — aggregated from source; n<10 suppressed,Building subgroup chronic absence; moderate + severe chronic categories.
Southwest Community Campus Middle/High,3.1,2024,FRL,Not FRL Eligible,238,64,26.9%,24-25 Attendance Comparison.xlsx — 2023-24 student-level attendance extract,Validated — aggregated from source; n<10 suppressed,Building subgroup chronic absence; moderate + severe chronic categories.
Southwest Community Campus Middle/High,3.1,2024,English Learner,Not English Learner,125,43,34.4%,24-25 Attendance Comparison.xlsx — 2023-24 student-level attendance extract,Validated — aggregated from source; n<10 suppressed,Building subgroup chronic absence; moderate + severe chronic categories.
Southwest Community Campus Middle/High,3.1,2024,Special Education,Not Special Education,349,121,34.7%,24-25 Attendance Comparison.xlsx — 2023-24 student-level attendance extract,Validated — aggregated from source; n<10 suppressed,Building subgroup chronic absence; moderate + severe chronic categories.
Union High,3.1,2024,Race,African American,302,229,75.8%,24-25 Attendance Comparison.xlsx — 2023-24 student-level attendance extract,Validated — aggregated from source; n<10 suppressed,Building subgroup chronic absence; moderate + severe chronic categories.
Public Museum Middle,3.1,2024,Gender,Male,83,22,26.5%,24-25 Attendance Comparison.xlsx — 2023-24 student-level attendance extract,Validated — aggregated from source; n<10 suppressed,Building subgroup chronic absence; moderate + severe chronic categories.
Public Museum Middle,3.1,2024,Race,African American,41,19,46.3%,24-25 Attendance Comparison.xlsx — 2023-24 student-level attendance extract,Validated — aggregated from source; n<10 suppressed,Building subgroup chronic absence; moderate + severe chronic categories.
Public Museum Middle,3.1,2024,FRL,Not FRL Eligible,84,19,22.6%,24-25 Attendance Comparison.xlsx — 2023-24 student-level attendance extract,Validated — aggregated from source; n<10 suppressed,Building subgroup chronic absence; moderate + severe chronic categories.
Public Museum Middle,3.1,2024,English Learner,Not English Learner,145,48,33.1%,24-25 Attendance Comparison.xlsx — 2023-24 student-level attendance extract,Validated — aggregated from source; n<10 suppressed,Building subgroup chronic absence; moderate + severe chronic categories.
Public Museum Middle,3.1,2024,Special Education,Not Special Education,154,51,33.1%,24-25 Attendance Comparison.xlsx — 2023-24 student-level attendance extract,Validated — aggregated from source; n<10 suppressed,Building subgroup chronic absence; moderate + severe chronic categories.
Burton Middle,3.1,2024,Gender,Female,233,118,50.6%,24-25 Attendance Comparison.xlsx — 2023-24 student-level attendance extract,Validated — aggregated from source; n<10 suppressed,Building subgroup chronic absence; moderate + severe chronic categories.
Burton Middle,3.1,2024,Race,Hispanic,348,165,47.4%,24-25 Attendance Comparison.xlsx — 2023-24 student-level attendance extract,Validated — aggregated from source; n<10 suppressed,Building subgroup chronic absence; moderate + severe chronic categories.
Burton Middle,3.1,2024,FRL,FRL Eligible,306,174,56.9%,24-25 Attendance Comparison.xlsx — 2023-24 student-level attendance extract,Validated — aggregated from source; n<10 suppressed,Building subgroup chronic absence; moderate + severe chronic categories.
Burton Middle,3.1,2024,English Learner,English Learner,334,145,43.4%,24-25 Attendance Comparison.xlsx — 2023-24 student-level attendance extract,Validated — aggregated from source; n<10 suppressed,Building subgroup chronic absence; moderate + severe chronic categories.
Burton Middle,3.1,2024,Special Education,Not Special Education,430,216,50.2%,24-25 Attendance Comparison.xlsx — 2023-24 student-level attendance extract,Validated — aggregated from source; n<10 suppressed,Building subgroup chronic absence; moderate + severe chronic categories.
Union High,3.1,2024,Gender,Female,426,307,72.1%,24-25 Attendance Comparison.xlsx — 2023-24 student-level attendance extract,Validated — aggregated from source; n<10 suppressed,Building subgroup chronic absence; moderate + severe chronic categories.
Union High,3.1,2024,FRL,Not FRL Eligible,306,200,65.4%,24-25 Attendance Comparison.xlsx — 2023-24 student-level attendance extract,Validated — aggregated from source; n<10 suppressed,Building subgroup chronic absence; moderate + severe chronic categories.
Innovation Central High,3.1,2024,Gender,Female,198,159,80.3%,24-25 Attendance Comparison.xlsx — 2023-24 student-level attendance extract,Validated — aggregated from source; n<10 suppressed,Building subgroup chronic absence; moderate + severe chronic categories.
Innovation Central High,3.1,2024,Race,Hispanic,200,136,68.0%,24-25 Attendance Comparison.xlsx — 2023-24 student-level attendance extract,Validated — aggregated from source; n<10 suppressed,Building subgroup chronic absence; moderate + severe chronic categories.
Innovation Central High,3.1,2024,FRL,FRL Eligible,248,187,75.4%,24-25 Attendance Comparison.xlsx — 2023-24 student-level attendance extract,Validated — aggregated from source; n<10 suppressed,Building subgroup chronic absence; moderate + severe chronic categories.
Innovation Central High,3.1,2024,English Learner,Not English Learner,278,205,73.7%,24-25 Attendance Comparison.xlsx — 2023-24 student-level attendance extract,Validated — aggregated from source; n<10 suppressed,Building subgroup chronic absence; moderate + severe chronic categories.
Innovation Central High,3.1,2024,Special Education,Not Special Education,335,243,72.5%,24-25 Attendance Comparison.xlsx — 2023-24 student-level attendance extract,Validated — aggregated from source; n<10 suppressed,Building subgroup chronic absence; moderate + severe chronic categories.
Ottawa Hills Middle School,3.1,2024,Gender,Male,185,139,75.1%,24-25 Attendance Comparison.xlsx — 2023-24 student-level attendance extract,Validated — aggregated from source; n<10 suppressed,Building subgroup chronic absence; moderate + severe chronic categories.
Ottawa Hills Middle School,3.1,2024,Race,African American,233,198,85.0%,24-25 Attendance Comparison.xlsx — 2023-24 student-level attendance extract,Validated — aggregated from source; n<10 suppressed,Building subgroup chronic absence; moderate + severe chronic categories.
Ottawa Hills Middle School,3.1,2024,FRL,FRL Eligible,302,249,82.5%,24-25 Attendance Comparison.xlsx — 2023-24 student-level attendance extract,Validated — aggregated from source; n<10 suppressed,Building subgroup chronic absence; moderate + severe chronic categories.
Ottawa Hills Middle School,3.1,2024,English Learner,Not English Learner,292,240,82.2%,24-25 Attendance Comparison.xlsx — 2023-24 student-level attendance extract,Validated — aggregated from source; n<10 suppressed,Building subgroup chronic absence; moderate + severe chronic categories.
Ottawa Hills Middle School,3.1,2024,Special Education,Not Special Education,279,224,80.3%,24-25 Attendance Comparison.xlsx — 2023-24 student-level attendance extract,Validated — aggregated from source; n<10 suppressed,Building subgroup chronic absence; moderate + severe chronic categories.
Westwood,3.1,2024,Special Education,Special Education,55,40,72.7%,24-25 Attendance Comparison.xlsx — 2023-24 student-level attendance extract,Validated — aggregated from source; n<10 suppressed,Building subgroup chronic absence; moderate + severe chronic categories.
Burton Middle,3.1,2024,English Learner,Not English Learner,143,97,67.8%,24-25 Attendance Comparison.xlsx — 2023-24 student-level attendance extract,Validated — aggregated from source; n<10 suppressed,Building subgroup chronic absence; moderate + severe chronic categories.
Burton Middle,3.1,2024,Special Education,Special Education,47,26,55.3%,24-25 Attendance Comparison.xlsx — 2023-24 student-level attendance extract,Validated — aggregated from source; n<10 suppressed,Building subgroup chronic absence; moderate + severe chronic categories.
City Middle/High,3.1,2024,Gender,Male,388,65,16.8%,24-25 Attendance Comparison.xlsx — 2023-24 student-level attendance extract,Validated — aggregated from source; n<10 suppressed,Building subgroup chronic absence; moderate + severe chronic categories.
City Middle/High,3.1,2024,Race,Two or More,59,28,47.5%,24-25 Attendance Comparison.xlsx — 2023-24 student-level attendance extract,Validated — aggregated from source; n<10 suppressed,Building subgroup chronic absence; moderate + severe chronic categories.
City Middle/High,3.1,2024,FRL,Not FRL Eligible,692,151,21.8%,24-25 Attendance Comparison.xlsx — 2023-24 student-level attendance extract,Validated — aggregated from source; n<10 suppressed,Building subgroup chronic absence; moderate + severe chronic categories.
Grand Rapids Learning Center,3.1,2024,Gender,Female,21,17,81.0%,24-25 Attendance Comparison.xlsx — 2023-24 student-level attendance extract,Validated — aggregated from source; n<10 suppressed,Building subgroup chronic absence; moderate + severe chronic categories.
Grand Rapids Learning Center,3.1,2024,FRL,Not FRL Eligible,17,11,64.7%,24-25 Attendance Comparison.xlsx — 2023-24 student-level attendance extract,Validated — aggregated from source; n<10 suppressed,Building subgroup chronic absence; moderate + severe chronic categories.
Grand Rapids Learning Center,3.1,2024,English Learner,Not English Learner,31,23,74.2%,24-25 Attendance Comparison.xlsx — 2023-24 student-level attendance extract,Validated — aggregated from source; n<10 suppressed,Building subgroup chronic absence; moderate + severe chronic categories.
Grand Rapids Learning Center,3.1,2024,Special Education,Not Special Education,34,27,79.4%,24-25 Attendance Comparison.xlsx — 2023-24 student-level attendance extract,Validated — aggregated from source; n<10 suppressed,Building subgroup chronic absence; moderate + severe chronic categories.
CA Frost Environmental Middle/High,3.1,2024,Gender,Male,180,88,48.9%,24-25 Attendance Comparison.xlsx — 2023-24 student-level attendance extract,Validated — aggregated from source; n<10 suppressed,Building subgroup chronic absence; moderate + severe chronic categories.
CA Frost Environmental Middle/High,3.1,2024,Race,African American,64,31,48.4%,24-25 Attendance Comparison.xlsx — 2023-24 student-level attendance extract,Validated — aggregated from source; n<10 suppressed,Building subgroup chronic absence; moderate + severe chronic categories.
CA Frost Environmental Middle/High,3.1,2024,FRL,FRL Eligible,143,75,52.4%,24-25 Attendance Comparison.xlsx — 2023-24 student-level attendance extract,Validated — aggregated from source; n<10 suppressed,Building subgroup chronic absence; moderate + severe chronic categories.
CA Frost Environmental Middle/High,3.1,2024,English Learner,Not English Learner,300,140,46.7%,24-25 Attendance Comparison.xlsx — 2023-24 student-level attendance extract,Validated — aggregated from source; n<10 suppressed,Building subgroup chronic absence; moderate + severe chronic categories.
CA Frost Environmental Middle/High,3.1,2024,Special Education,Not Special Education,281,124,44.1%,24-25 Attendance Comparison.xlsx — 2023-24 student-level attendance extract,Validated — aggregated from source; n<10 suppressed,Building subgroup chronic absence; moderate + severe chronic categories.
City Middle/High,3.1,2024,English Learner,English Learner,29,4,13.8%,24-25 Attendance Comparison.xlsx — 2023-24 student-level attendance extract,Validated — aggregated from source; n<10 suppressed,Building subgroup chronic absence; moderate + severe chronic categories.
Grand Rapids Montessori Middle/High,3.1,2024,Gender,Female,72,32,44.4%,24-25 Attendance Comparison.xlsx — 2023-24 student-level attendance extract,Validated — aggregated from source; n<10 suppressed,Building subgroup chronic absence; moderate + severe chronic categories.
Grand Rapids Montessori Middle/High,3.1,2024,Race,Hispanic,35,19,54.3%,24-25 Attendance Comparison.xlsx — 2023-24 student-level attendance extract,Validated — aggregated from source; n<10 suppressed,Building subgroup chronic absence; moderate + severe chronic categories.
Grand Rapids Montessori Middle/High,3.1,2024,FRL,FRL Eligible,79,41,51.9%,24-25 Attendance Comparison.xlsx — 2023-24 student-level attendance extract,Validated — aggregated from source; n<10 suppressed,Building subgroup chronic absence; moderate + severe chronic categories.
Grand Rapids Montessori Middle/High,3.1,2024,English Learner,Not English Learner,169,76,45.0%,24-25 Attendance Comparison.xlsx — 2023-24 student-level attendance extract,Validated — aggregated from source; n<10 suppressed,Building subgroup chronic absence; moderate + severe chronic categories.
Grand Rapids Montessori Middle/High,3.1,2024,Special Education,Not Special Education,146,64,43.8%,24-25 Attendance Comparison.xlsx — 2023-24 student-level attendance extract,Validated — aggregated from source; n<10 suppressed,Building subgroup chronic absence; moderate + severe chronic categories.
Innovation Central High,3.1,2024,Gender,Male,207,136,65.7%,24-25 Attendance Comparison.xlsx — 2023-24 student-level attendance extract,Validated — aggregated from source; n<10 suppressed,Building subgroup chronic absence; moderate + severe chronic categories.
Innovation Central High,3.1,2024,Race,Two or More,28,19,67.9%,24-25 Attendance Comparison.xlsx — 2023-24 student-level attendance extract,Validated — aggregated from source; n<10 suppressed,Building subgroup chronic absence; moderate + severe chronic categories.
Innovation Central High,3.1,2024,Special Education,Special Education,71,53,74.6%,24-25 Attendance Comparison.xlsx — 2023-24 student-level attendance extract,Validated — aggregated from source; n<10 suppressed,Building subgroup chronic absence; moderate + severe chronic categories.
Ottawa Hills High,3.1,2024,FRL,FRL Eligible,278,237,85.3%,24-25 Attendance Comparison.xlsx — 2023-24 student-level attendance extract,Validated — aggregated from source; n<10 suppressed,Building subgroup chronic absence; moderate + severe chronic categories.
Ottawa Hills High,3.1,2024,Special Education,Special Education,66,53,80.3%,24-25 Attendance Comparison.xlsx — 2023-24 student-level attendance extract,Validated — aggregated from source; n<10 suppressed,Building subgroup chronic absence; moderate + severe chronic categories.
CA Frost Environmental Middle/High,3.1,2024,Gender,Female,140,59,42.1%,24-25 Attendance Comparison.xlsx — 2023-24 student-level attendance extract,Validated — aggregated from source; n<10 suppressed,Building subgroup chronic absence; moderate + severe chronic categories.
CA Frost Environmental Middle/High,3.1,2024,FRL,Not FRL Eligible,178,73,41.0%,24-25 Attendance Comparison.xlsx — 2023-24 student-level attendance extract,Validated — aggregated from source; n<10 suppressed,Building subgroup chronic absence; moderate + severe chronic categories.
City Middle/High,3.1,2024,Race,White,508,111,21.9%,24-25 Attendance Comparison.xlsx — 2023-24 student-level attendance extract,Validated — aggregated from source; n<10 suppressed,Building subgroup chronic absence; moderate + severe chronic categories.
Southwest Community Campus Middle/High,3.1,2024,Gender,Female,194,76,39.2%,24-25 Attendance Comparison.xlsx — 2023-24 student-level attendance extract,Validated — aggregated from source; n<10 suppressed,Building subgroup chronic absence; moderate + severe chronic categories.
Southwest Community Campus Middle/High,3.1,2024,FRL,FRL Eligible,133,65,48.9%,24-25 Attendance Comparison.xlsx — 2023-24 student-level attendance extract,Validated — aggregated from source; n<10 suppressed,Building subgroup chronic absence; moderate + severe chronic categories.
Southwest Community Campus Middle/High,3.1,2024,English Learner,English Learner,246,86,35.0%,24-25 Attendance Comparison.xlsx — 2023-24 student-level attendance extract,Validated — aggregated from source; n<10 suppressed,Building subgroup chronic absence; moderate + severe chronic categories.
Burton Middle,3.1,2024,Race,African American,107,57,53.3%,24-25 Attendance Comparison.xlsx — 2023-24 student-level attendance extract,Validated — aggregated from source; n<10 suppressed,Building subgroup chronic absence; moderate + severe chronic categories.
Innovation Central High,3.1,2024,Race,African American,133,108,81.2%,24-25 Attendance Comparison.xlsx — 2023-24 student-level attendance extract,Validated — aggregated from source; n<10 suppressed,Building subgroup chronic absence; moderate + severe chronic categories.
CA Frost Environmental Middle/High,3.1,2024,Race,Hispanic,74,35,47.3%,24-25 Attendance Comparison.xlsx — 2023-24 student-level attendance extract,Validated — aggregated from source; n<10 suppressed,Building subgroup chronic absence; moderate + severe chronic categories.
CA Frost Environmental Middle/High,3.1,2024,Race,White,135,56,41.5%,24-25 Attendance Comparison.xlsx — 2023-24 student-level attendance extract,Validated — aggregated from source; n<10 suppressed,Building subgroup chronic absence; moderate + severe chronic categories.
Innovation Central High,3.1,2024,FRL,Not FRL Eligible,158,109,69.0%,24-25 Attendance Comparison.xlsx — 2023-24 student-level attendance extract,Validated — aggregated from source; n<10 suppressed,Building subgroup chronic absence; moderate + severe chronic categories.
Ottawa Hills High,3.1,2024,Race,White,26,17,65.4%,24-25 Attendance Comparison.xlsx — 2023-24 student-level attendance extract,Validated — aggregated from source; n<10 suppressed,Building subgroup chronic absence; moderate + severe chronic categories.
Burton Middle,3.1,2024,Gender,Male,244,124,50.8%,24-25 Attendance Comparison.xlsx — 2023-24 student-level attendance extract,Validated — aggregated from source; n<10 suppressed,Building subgroup chronic absence; moderate + severe chronic categories.
Union High,3.1,2024,English Learner,English Learner,358,244,68.2%,24-25 Attendance Comparison.xlsx — 2023-24 student-level attendance extract,Validated — aggregated from source; n<10 suppressed,Building subgroup chronic absence; moderate + severe chronic categories.
Innovation Central High,3.1,2024,English Learner,English Learner,128,91,71.1%,24-25 Attendance Comparison.xlsx — 2023-24 student-level attendance extract,Validated — aggregated from source; n<10 suppressed,Building subgroup chronic absence; moderate + severe chronic categories.
Ottawa Hills Middle School,3.1,2024,Gender,Female,169,142,84.0%,24-25 Attendance Comparison.xlsx — 2023-24 student-level attendance extract,Validated — aggregated from source; n<10 suppressed,Building subgroup chronic absence; moderate + severe chronic categories.
Ottawa Hills Middle School,3.1,2024,Race,White,24,17,70.8%,24-25 Attendance Comparison.xlsx — 2023-24 student-level attendance extract,Validated — aggregated from source; n<10 suppressed,Building subgroup chronic absence; moderate + severe chronic categories.
Southeast Career Pathways,3.1,2024,Gender,Female,23,20,87.0%,24-25 Attendance Comparison.xlsx — 2023-24 student-level attendance extract,Validated — aggregated from source; n<10 suppressed,Building subgroup chronic absence; moderate + severe chronic categories.
Southeast Career Pathways,3.1,2024,Race,Hispanic,22,19,86.4%,24-25 Attendance Comparison.xlsx — 2023-24 student-level attendance extract,Validated — aggregated from source; n<10 suppressed,Building subgroup chronic absence; moderate + severe chronic categories.
Southeast Career Pathways,3.1,2024,FRL,FRL Eligible,42,40,95.2%,24-25 Attendance Comparison.xlsx — 2023-24 student-level attendance extract,Validated — aggregated from source; n<10 suppressed,Building subgroup chronic absence; moderate + severe chronic categories.
Southeast Career Pathways,3.1,2024,English Learner,English Learner,19,17,89.5%,24-25 Attendance Comparison.xlsx — 2023-24 student-level attendance extract,Validated — aggregated from source; n<10 suppressed,Building subgroup chronic absence; moderate + severe chronic categories.
Southeast Career Pathways,3.1,2024,Special Education,Not Special Education,59,52,88.1%,24-25 Attendance Comparison.xlsx — 2023-24 student-level attendance extract,Validated — aggregated from source; n<10 suppressed,Building subgroup chronic absence; moderate + severe chronic categories.
Ottawa Hills Middle School,3.1,2024,Race,Hispanic,71,51,71.8%,24-25 Attendance Comparison.xlsx — 2023-24 student-level attendance extract,Validated — aggregated from source; n<10 suppressed,Building subgroup chronic absence; moderate + severe chronic categories.
Ottawa Hills Middle School,3.1,2024,FRL,Not FRL Eligible,53,33,62.3%,24-25 Attendance Comparison.xlsx — 2023-24 student-level attendance extract,Validated — aggregated from source; n<10 suppressed,Building subgroup chronic absence; moderate + severe chronic categories.
Ottawa Hills High,3.1,2024,English Learner,English Learner,49,40,81.6%,24-25 Attendance Comparison.xlsx — 2023-24 student-level attendance extract,Validated — aggregated from source; n<10 suppressed,Building subgroup chronic absence; moderate + severe chronic categories.
Ottawa Hills High,3.1,2024,Gender,Male,200,161,80.5%,24-25 Attendance Comparison.xlsx — 2023-24 student-level attendance extract,Validated — aggregated from source; n<10 suppressed,Building subgroup chronic absence; moderate + severe chronic categories.
Burton Middle,3.1,2024,FRL,Not FRL Eligible,171,68,39.8%,24-25 Attendance Comparison.xlsx — 2023-24 student-level attendance extract,Validated — aggregated from source; n<10 suppressed,Building subgroup chronic absence; moderate + severe chronic categories.
Westwood,3.1,2024,Gender,Female,93,60,64.5%,24-25 Attendance Comparison.xlsx — 2023-24 student-level attendance extract,Validated — aggregated from source; n<10 suppressed,Building subgroup chronic absence; moderate + severe chronic categories.
Westwood,3.1,2024,Race,Two or More,20,15,75.0%,24-25 Attendance Comparison.xlsx — 2023-24 student-level attendance extract,Validated — aggregated from source; n<10 suppressed,Building subgroup chronic absence; moderate + severe chronic categories.
City Middle/High,3.1,2024,Race,African American,83,28,33.7%,24-25 Attendance Comparison.xlsx — 2023-24 student-level attendance extract,Validated — aggregated from source; n<10 suppressed,Building subgroup chronic absence; moderate + severe chronic categories.
Grand Rapids Montessori Middle/High,3.1,2024,Gender,Male,102,43,42.2%,24-25 Attendance Comparison.xlsx — 2023-24 student-level attendance extract,Validated — aggregated from source; n<10 suppressed,Building subgroup chronic absence; moderate + severe chronic categories.
Grand Rapids Montessori Middle/High,3.1,2024,Race,White,86,29,33.7%,24-25 Attendance Comparison.xlsx — 2023-24 student-level attendance extract,Validated — aggregated from source; n<10 suppressed,Building subgroup chronic absence; moderate + severe chronic categories.
Grand Rapids Montessori Middle/High,3.1,2024,FRL,Not FRL Eligible,98,37,37.8%,24-25 Attendance Comparison.xlsx — 2023-24 student-level attendance extract,Validated — aggregated from source; n<10 suppressed,Building subgroup chronic absence; moderate + severe chronic categories.
Union High,3.1,2024,Special Education,Special Education,88,74,84.1%,24-25 Attendance Comparison.xlsx — 2023-24 student-level attendance extract,Validated — aggregated from source; n<10 suppressed,Building subgroup chronic absence; moderate + severe chronic categories.
Public Museum High,3.1,2024,Gender,Male,127,58,45.7%,24-25 Attendance Comparison.xlsx — 2023-24 student-level attendance extract,Validated — aggregated from source; n<10 suppressed,Building subgroup chronic absence; moderate + severe chronic categories.
Public Museum High,3.1,2024,Race,Hispanic,60,33,55.0%,24-25 Attendance Comparison.xlsx — 2023-24 student-level attendance extract,Validated — aggregated from source; n<10 suppressed,Building subgroup chronic absence; moderate + severe chronic categories.
University Preparatory Academy,3.1,2024,Race,Hispanic,197,61,31.0%,24-25 Attendance Comparison.xlsx — 2023-24 student-level attendance extract,Validated — aggregated from source; n<10 suppressed,Building subgroup chronic absence; moderate + severe chronic categories.
University Preparatory Academy,3.1,2024,English Learner,English Learner,109,29,26.6%,24-25 Attendance Comparison.xlsx — 2023-24 student-level attendance extract,Validated — aggregated from source; n<10 suppressed,Building subgroup chronic absence; moderate + severe chronic categories.
Ottawa Hills High,3.1,2024,Race,Hispanic,58,43,74.1%,24-25 Attendance Comparison.xlsx — 2023-24 student-level attendance extract,Validated — aggregated from source; n<10 suppressed,Building subgroup chronic absence; moderate + severe chronic categories.
Westwood,3.1,2024,Race,White,21,13,61.9%,24-25 Attendance Comparison.xlsx — 2023-24 student-level attendance extract,Validated — aggregated from source; n<10 suppressed,Building subgroup chronic absence; moderate + severe chronic categories.
Union High,3.1,2024,Race,Two or More,57,48,84.2%,24-25 Attendance Comparison.xlsx — 2023-24 student-level attendance extract,Validated — aggregated from source; n<10 suppressed,Building subgroup chronic absence; moderate + severe chronic categories.
Innovation Central Middle School,3.1,2024,Gender,Male,120,69,57.5%,24-25 Attendance Comparison.xlsx — 2023-24 student-level attendance extract,Validated — aggregated from source; n<10 suppressed,Building subgroup chronic absence; moderate + severe chronic categories.
Innovation Central Middle School,3.1,2024,Race,African American,136,90,66.2%,24-25 Attendance Comparison.xlsx — 2023-24 student-level attendance extract,Validated — aggregated from source; n<10 suppressed,Building subgroup chronic absence; moderate + severe chronic categories.
Innovation Central Middle School,3.1,2024,FRL,FRL Eligible,187,121,64.7%,24-25 Attendance Comparison.xlsx — 2023-24 student-level attendance extract,Validated — aggregated from source; n<10 suppressed,Building subgroup chronic absence; moderate + severe chronic categories.
Innovation Central Middle School,3.1,2024,English Learner,Not English Learner,187,124,66.3%,24-25 Attendance Comparison.xlsx — 2023-24 student-level attendance extract,Validated — aggregated from source; n<10 suppressed,Building subgroup chronic absence; moderate + severe chronic categories.
Innovation Central Middle School,3.1,2024,Special Education,Special Education,68,36,52.9%,24-25 Attendance Comparison.xlsx — 2023-24 student-level attendance extract,Validated — aggregated from source; n<10 suppressed,Building subgroup chronic absence; moderate + severe chronic categories.
University Preparatory Academy,3.1,2024,Race,White,29,13,44.8%,24-25 Attendance Comparison.xlsx — 2023-24 student-level attendance extract,Validated — aggregated from source; n<10 suppressed,Building subgroup chronic absence; moderate + severe chronic categories.
Public Museum Middle,3.1,2024,Gender,Female,81,32,39.5%,24-25 Attendance Comparison.xlsx — 2023-24 student-level attendance extract,Validated — aggregated from source; n<10 suppressed,Building subgroup chronic absence; moderate + severe chronic categories.
Public Museum Middle,3.1,2024,FRL,FRL Eligible,80,35,43.8%,24-25 Attendance Comparison.xlsx — 2023-24 student-level attendance extract,Validated — aggregated from source; n<10 suppressed,Building subgroup chronic absence; moderate + severe chronic categories.
Southwest Community Campus Middle/High,3.1,2024,Special Education,Special Education,22,8,36.4%,24-25 Attendance Comparison.xlsx — 2023-24 student-level attendance extract,Validated — aggregated from source; n<10 suppressed,Building subgroup chronic absence; moderate + severe chronic categories.
Grand Rapids Montessori Middle/High,3.1,2024,Special Education,Special Education,31,14,45.2%,24-25 Attendance Comparison.xlsx — 2023-24 student-level attendance extract,Validated — aggregated from source; n<10 suppressed,Building subgroup chronic absence; moderate + severe chronic categories.
Innovation Central Middle School,3.1,2024,Gender,Female,117,75,64.1%,24-25 Attendance Comparison.xlsx — 2023-24 student-level attendance extract,Validated — aggregated from source; n<10 suppressed,Building subgroup chronic absence; moderate + severe chronic categories.
Innovation Central Middle School,3.1,2024,Race,Two or More,25,17,68.0%,24-25 Attendance Comparison.xlsx — 2023-24 student-level attendance extract,Validated — aggregated from source; n<10 suppressed,Building subgroup chronic absence; moderate + severe chronic categories.
Southeast Career Pathways,3.1,2024,Gender,Male,44,40,90.9%,24-25 Attendance Comparison.xlsx — 2023-24 student-level attendance extract,Validated — aggregated from source; n<10 suppressed,Building subgroup chronic absence; moderate + severe chronic categories.
Public Museum Middle,3.1,2024,Race,Hispanic,46,14,30.4%,24-25 Attendance Comparison.xlsx — 2023-24 student-level attendance extract,Validated — aggregated from source; n<10 suppressed,Building subgroup chronic absence; moderate + severe chronic categories.
Public Museum Middle,3.1,2024,English Learner,English Learner,19,6,31.6%,24-25 Attendance Comparison.xlsx — 2023-24 student-level attendance extract,Validated — aggregated from source; n<10 suppressed,Building subgroup chronic absence; moderate + severe chronic categories.
Innovation Central Middle School,3.1,2024,Race,Hispanic,51,25,49.0%,24-25 Attendance Comparison.xlsx — 2023-24 student-level attendance extract,Validated — aggregated from source; n<10 suppressed,Building subgroup chronic absence; moderate + severe chronic categories.
Grand Rapids Learning Center,3.1,2024,FRL,FRL Eligible,19,17,89.5%,24-25 Attendance Comparison.xlsx — 2023-24 student-level attendance extract,Validated — aggregated from source; n<10 suppressed,Building subgroup chronic absence; moderate + severe chronic categories.
Union High,3.1,2024,Race,White,62,45,72.6%,24-25 Attendance Comparison.xlsx — 2023-24 student-level attendance extract,Validated — aggregated from source; n<10 suppressed,Building subgroup chronic absence; moderate + severe chronic categories.
Public Museum High,3.1,2024,Race,African American,56,36,64.3%,24-25 Attendance Comparison.xlsx — 2023-24 student-level attendance extract,Validated — aggregated from source; n<10 suppressed,Building subgroup chronic absence; moderate + severe chronic categories.
Public Museum High,3.1,2024,FRL,FRL Eligible,97,56,57.7%,24-25 Attendance Comparison.xlsx — 2023-24 student-level attendance extract,Validated — aggregated from source; n<10 suppressed,Building subgroup chronic absence; moderate + severe chronic categories.
Innovation Central Middle School,3.1,2024,FRL,Not FRL Eligible,50,23,46.0%,24-25 Attendance Comparison.xlsx — 2023-24 student-level attendance extract,Validated — aggregated from source; n<10 suppressed,Building subgroup chronic absence; moderate + severe chronic categories.
Innovation Central Middle School,3.1,2024,English Learner,English Learner,50,20,40.0%,24-25 Attendance Comparison.xlsx — 2023-24 student-level attendance extract,Validated — aggregated from source; n<10 suppressed,Building subgroup chronic absence; moderate + severe chronic categories.
Innovation Central Middle School,3.1,2024,Special Education,Not Special Education,169,108,63.9%,24-25 Attendance Comparison.xlsx — 2023-24 student-level attendance extract,Validated — aggregated from source; n<10 suppressed,Building subgroup chronic absence; moderate + severe chronic categories.
Public Museum Middle,3.1,2024,Race,White,61,16,26.2%,24-25 Attendance Comparison.xlsx — 2023-24 student-level attendance extract,Validated — aggregated from source; n<10 suppressed,Building subgroup chronic absence; moderate + severe chronic categories.
Southeast Career Pathways,3.1,2024,English Learner,Not English Learner,48,43,89.6%,24-25 Attendance Comparison.xlsx — 2023-24 student-level attendance extract,Validated — aggregated from source; n<10 suppressed,Building subgroup chronic absence; moderate + severe chronic categories.
Southeast Career Pathways,3.1,2024,FRL,Not FRL Eligible,25,20,80.0%,24-25 Attendance Comparison.xlsx — 2023-24 student-level attendance extract,Validated — aggregated from source; n<10 suppressed,Building subgroup chronic absence; moderate + severe chronic categories.
Ottawa Hills Middle School,3.1,2024,English Learner,English Learner,63,42,66.7%,24-25 Attendance Comparison.xlsx — 2023-24 student-level attendance extract,Validated — aggregated from source; n<10 suppressed,Building subgroup chronic absence; moderate + severe chronic categories.
CA Frost Environmental Middle/High,3.1,2024,Race,Two or More,39,23,59.0%,24-25 Attendance Comparison.xlsx — 2023-24 student-level attendance extract,Validated — aggregated from source; n<10 suppressed,Building subgroup chronic absence; moderate + severe chronic categories.
Ottawa Hills Middle School,3.1,2024,Special Education,Special Education,76,58,76.3%,24-25 Attendance Comparison.xlsx — 2023-24 student-level attendance extract,Validated — aggregated from source; n<10 suppressed,Building subgroup chronic absence; moderate + severe chronic categories.
CA Frost Environmental Middle/High,3.1,2024,Special Education,Special Education,40,24,60.0%,24-25 Attendance Comparison.xlsx — 2023-24 student-level attendance extract,Validated — aggregated from source; n<10 suppressed,Building subgroup chronic absence; moderate + severe chronic categories.
Grand Rapids Montessori Middle/High,3.1,2024,Race,African American,39,25,64.1%,24-25 Attendance Comparison.xlsx — 2023-24 student-level attendance extract,Validated — aggregated from source; n<10 suppressed,Building subgroup chronic absence; moderate + severe chronic categories.
Union High,3.1,2024,Race,Asian,13,7,53.8%,24-25 Attendance Comparison.xlsx — 2023-24 student-level attendance extract,Validated — aggregated from source; n<10 suppressed,Building subgroup chronic absence; moderate + severe chronic categories.
Southeast Career Pathways,3.1,2024,Race,African American,33,31,93.9%,24-25 Attendance Comparison.xlsx — 2023-24 student-level attendance extract,Validated — aggregated from source; n<10 suppressed,Building subgroup chronic absence; moderate + severe chronic categories.
CA Frost Environmental Middle/High,3.1,2024,English Learner,English Learner,21,8,38.1%,24-25 Attendance Comparison.xlsx — 2023-24 student-level attendance extract,Validated — aggregated from source; n<10 suppressed,Building subgroup chronic absence; moderate + severe chronic categories.
City Middle/High,3.1,2024,Race,Asian,58,7,12.1%,24-25 Attendance Comparison.xlsx — 2023-24 student-level attendance extract,Validated — aggregated from source; n<10 suppressed,Building subgroup chronic absence; moderate + severe chronic categories.
Burton Middle,3.1,2024,Race,White,11,11,100.0%,24-25 Attendance Comparison.xlsx — 2023-24 student-level attendance extract,Validated — aggregated from source; n<10 suppressed,Building subgroup chronic absence; moderate + severe chronic categories.
Southwest Community Campus Middle/High,3.1,2024,Race,African American,18,6,33.3%,24-25 Attendance Comparison.xlsx — 2023-24 student-level attendance extract,Validated — aggregated from source; n<10 suppressed,Building subgroup chronic absence; moderate + severe chronic categories.
Innovation Central Middle School,3.1,2024,Race,White,24,12,50.0%,24-25 Attendance Comparison.xlsx — 2023-24 student-level attendance extract,Validated — aggregated from source; n<10 suppressed,Building subgroup chronic absence; moderate + severe chronic categories.
Public Museum High,3.1,2024,Special Education,Special Education,14,12,85.7%,24-25 Attendance Comparison.xlsx — 2023-24 student-level attendance extract,Validated — aggregated from source; n<10 suppressed,Building subgroup chronic absence; moderate + severe chronic categories.
Public Museum High,3.1,2024,English Learner,English Learner,22,9,40.9%,24-25 Attendance Comparison.xlsx — 2023-24 student-level attendance extract,Validated — aggregated from source; n<10 suppressed,Building subgroup chronic absence; moderate + severe chronic categories.
University Preparatory Academy,3.1,2024,Special Education,Special Education,36,17,47.2%,24-25 Attendance Comparison.xlsx — 2023-24 student-level attendance extract,Validated — aggregated from source; n<10 suppressed,Building subgroup chronic absence; moderate + severe chronic categories.
Public Museum Middle,3.1,2024,Special Education,Special Education,10,3,30.0%,24-25 Attendance Comparison.xlsx — 2023-24 student-level attendance extract,Validated — aggregated from source; n<10 suppressed,Building subgroup chronic absence; moderate + severe chronic categories.
Ottawa Hills High,3.1,2024,Race,Two or More,21,19,90.5%,24-25 Attendance Comparison.xlsx — 2023-24 student-level attendance extract,Validated — aggregated from source; n<10 suppressed,Building subgroup chronic absence; moderate + severe chronic categories.
Ottawa Hills Middle School,3.1,2024,Race,Two or More,24,16,66.7%,24-25 Attendance Comparison.xlsx — 2023-24 student-level attendance extract,Validated — aggregated from source; n<10 suppressed,Building subgroup chronic absence; moderate + severe chronic categories.
Grand Rapids Montessori Middle/High,3.1,2024,Race,Two or More,14,4,28.6%,24-25 Attendance Comparison.xlsx — 2023-24 student-level attendance extract,Validated — aggregated from source; n<10 suppressed,Building subgroup chronic absence; moderate + severe chronic categories.
Innovation Central High,3.1,2024,Race,White,43,31,72.1%,24-25 Attendance Comparison.xlsx — 2023-24 student-level attendance extract,Validated — aggregated from source; n<10 suppressed,Building subgroup chronic absence; moderate + severe chronic categories.
Westwood,3.1,2024,FRL,Not FRL Eligible,58,31,53.4%,24-25 Attendance Comparison.xlsx — 2023-24 student-level attendance extract,Validated — aggregated from source; n<10 suppressed,Building subgroup chronic absence; moderate + severe chronic categories.
Public Museum Middle,3.1,2024,Race,Two or More,13,4,30.8%,24-25 Attendance Comparison.xlsx — 2023-24 student-level attendance extract,Validated — aggregated from source; n<10 suppressed,Building subgroup chronic absence; moderate + severe chronic categories.
Public Museum High,3.1,2024,Race,Two or More,21,10,47.6%,24-25 Attendance Comparison.xlsx — 2023-24 student-level attendance extract,Validated — aggregated from source; n<10 suppressed,Building subgroup chronic absence; moderate + severe chronic categories.
Grand Rapids Learning Center,3.1,2024,Gender,Male,15,11,73.3%,24-25 Attendance Comparison.xlsx — 2023-24 student-level attendance extract,Validated — aggregated from source; n<10 suppressed,Building subgroup chronic absence; moderate + severe chronic categories.
Grand Rapids Learning Center,3.1,2024,Race,African American,12,10,83.3%,24-25 Attendance Comparison.xlsx — 2023-24 student-level attendance extract,Validated — aggregated from source; n<10 suppressed,Building subgroup chronic absence; moderate + severe chronic categories.
Grand Rapids Learning Center,3.1,2024,Race,Hispanic,12,10,83.3%,24-25 Attendance Comparison.xlsx — 2023-24 student-level attendance extract,Validated — aggregated from source; n<10 suppressed,Building subgroup chronic absence; moderate + severe chronic categories.
